angry,001_Raginghogan.png
angry,002_Headexplode.png
angry,003_Middlefinger.png
angry,004_Furious.png
angry,005_Furioushit.png
angry,006_Enough.png
angry,007_Talkhand.png
angry,008_Pissed.png
angry,009_Angst.png
angry,010_Devil.png
assamartist,001_asa_khirkiburbhanga.png
assamartist,002_asa_omurejaan.png
assamartist,003_asa_tumijoidukuwa.png
assamartist,004_asa_jonaakiraati.png
assamartist,005_asa_heyadibakak.png
assamartist,006_asa_ekduitini.png
assamartist,007_asa_chuchu.png
assamartist,008_asa_ataultaatapulta.png
assamartist,009_asa_ejaakbotahekole.png
assamartist,010_asa_maakosom.png
assamartist,011_asa_manuhemanuhor.png
assamartist,012_asa_snehamar.png
avatars,001_Superman.png
avatars,002_Hulk.png
avatars,003_Ninja.png
avatars,004_Wolverine.png
avatars,005_Jack.png
avatars,006_Ironman.png
avatars,007_Joker.png
avatars,008_Flash.png
avatars,009_Zombie.png
avatars,010_Fanfour.png
avatars,011_Thor.png
avatars,012_Shrek.png
avatars,013_Catwomen.png
avatars,014_Sherlock.png
avatars,015_Heisenberg.png
avatars,016_Bane.png
avatars,017_Scream.png
avatars,018_Genie.png
avatars,019_Darth.png
avatars,020_Batman.png
avatars,021_Bravo.png
avatars,022_Spiderman.png
avatars,023_Terminator.png
avatars,024_Mask.png
avatars,025_Sawdoll.png
avatars,026_Krish.png
avatars,027_Shaktiman.png
avatars,028_Popeye.png
avatars,029_Raone.png
avatars,030_miniontongue.png
avatars,031_minionhahaha.png
avatars,032_minionhappy.png
avatars,033_chotabheem.png
avatars,034_capamerica.png
avatars,035_tazz.png
avatars,036_gotwinter.png
bangalore,001_ka_machaa.png
bangalore,002_ka_hegidiya.png
bangalore,003_ka_aiyo.png
bangalore,004_ka_yensamachara.png
bangalore,005_ka_yenomadtidiya.png
bangalore,006_ka_sakkathmaga.png
bangalore,007_ka_enjoymaadi.png
bangalore,008_ka_aiyodevare.png
bangalore,009_ka_thalethinnbeda.png
bangalore,010_ka_hogoley.png
bangalore,011_ka_sceneilla.png
bangalore,012_ka_magne.png
bangalore,013_ka_nijana.png
bangalore,014_ka_naaaan.png
bangalore,015_ka_nanuninnanupritisuttene.png
bangalore,016_ka_hellumaga.png
bangalore,017_ka_ganchali.png
bangalore,018_ka_handi.png
bangalore,019_ka_barisullu.png
bangalore,020_ka_hogsai.png
bangalore,021_ka_yelliidiya.png
bangalore,022_ka_baro.png
bangalore,023_ka_aiyhu.png
bangalore,024_ka_samadhana.png
bangalore,025_ka_hnymacha.png
bangalore,026_ka_shubodaya.png
bangalore,027_ka_shubharatri.png
bangalore,028_ka_namaste.png
bangalore,029_ka_hegidya.png
bangalore,030_ka_chennagidini.png
bangalore,031_ka_dhanyavadagalu.png
bangalore,032_ka_kshamisu.png
bangalore,033_ka_haudu.png
bangalore,034_ka_illa.png
bangalore,035_ka_elliddiya.png
bangalore,036_ka_adbuta.png
bangalore,037_ka_adenagli.png
bangalore,038_ka_agbitre.png
bangalore,039_ka_aaramagiru.png
bangalore,040_ka_yaaru.png
bangalore,041_ka_yavaga.png
bangalore,042_ka_heyge.png
bangalore,043_ka_chey.png
bangalore,044_ka_baimucchu.png
bangalore,045_ka_haalaghogu.png
bangalore,046_ka_maretbidu.png
bangalore,047_ka_murka.png
bangalore,048_ka_pramanavaglu.png
bangalore,049_ka_regisbeda.png
bangalore,050_ka_saaku.png
bangalore,051_ka_hogbartini.png
bangalore2,001_ka_machaa.png
bangalore2,002_ka_hegidiya.png
bangalore2,003_ka_aiyo.png
bangalore2,004_ka_yensamachara.png
bangalore2,005_ka_yenomadtidiya.png
bangalore2,006_ka_sakkathmaga.png
bangalore2,007_ka_enjoymaadi.png
bangalore2,008_ka_aiyodevare.png
bangalore2,009_ka_thalethinnbeda.png
bangalore2,010_ka_hogoley.png
bangalore2,011_ka_sceneilla.png
bangalore2,012_ka_magne.png
bangalore2,013_ka_nijana.png
bangalore2,014_ka_naaaan.png
bangalore2,015_ka_nanuninnanupritisuttene.png
bangalore2,016_ka_hellumaga.png
bangalore2,017_ka_ganchali.png
bangalore2,018_ka_handi.png
bangalore2,019_ka_barisullu.png
bangalore2,020_ka_hogsai.png
bangalore2,021_ka_yelliidiya.png
bangalore2,022_ka_baro.png
bangalore2,023_ka_aiyhu.png
bangalore2,024_ka_samadhana.png
beauty,001_be_gettingready.png
beauty,002_be_parlour.png
beauty,003_be_threading.png
beauty,004_be_waxed.png
beauty,005_be_pimple.png
beauty,006_be_hairfall.png
beauty,007_be_badhair.png
beauty,008_be_goodhair.png
beauty,009_be_hairwash.png
beauty,010_be_haircut.png
beauty,011_be_hairspa.png
beauty,012_be_cleanup.png
beauty,013_be_streaks.png
beauty,014_be_straightening.png
beauty,015_be_curls.png
beauty,016_be_blowdry.png
beauty,017_be_eyeliner.png
beauty,018_be_pedicure.png
beauty,019_be_manicure.png
beauty,020_be_nails.png
bengalicinema,001_bc_marboekhane.png
bengalicinema,002_bc_mabishaskoro.png
bengalicinema,003_bc_dadaekmin.png
bengalicinema,004_bc_sotti.png
bengalicinema,005_bc_jhinku.png
bengalicinema,006_bc_paglachulke.png
bengalicinema,007_bc_sabashtopshe.png
bengalicinema,008_bc_chelepathabo.png
bengalicinema,009_bc_byomkesh.png
bengalicinema,010_bc_thakchensir.png
bengalicinema,011_bc_bhooteraja.png
bengalove,001_kol_percentlove.png
bengalove,002_kol_bhalobasi.png
bengalove,003_kol_khubbhalobasi.png
bengalove,004_kol_montheke.png
bengalove,005_kol_amaiadorkor.png
bengalove,006_kol_amitomaichere.png
bengalove,007_kol_tumijeamar.png
bengalove,008_kol_tumitohshob.png
bengalove,009_kol_dustu.png
bengalove,010_kol_khubhandsome.png
bengalove,011_kol_sundori.png
bengalove,012_kol_kigosuncho.png
bengalove,013_kol_amitomarethakbo.png
bengalove,014_kol_keunei.png
bengalove,015_kol_eitohamichi.png
bengalove,016_kol_lojjalagche.png
bengalove,017_kol_priyatoma.png
bengalove,018_kol_babu.png
bengalove,019_kol_chumu.png
bengalove,020_kol_shona.png
bengalove,021_kol_raagkorenababu.png
bhojpuricinema,001_brc_biharkelala.png
bhojpuricinema,002_brc_ekbhari.png
bhojpuricinema,003_brc_kehuhamsejeet.png
bhojpuricinema,004_brc_laltenjarake.png
bhojpuricinema,005_brc_lipistic.png
bhojpuricinema,006_brc_jhandba.png
bhojpuricinema,007_brc_gunda.png
bhojpuricinema,008_brc_baratikadholl.png
bhojpuricinema,009_brc_latkhor.png
bhojpuricinema,010_brc_taadiwaali.png
bhojpuricinema,011_brc_jitasikandar.png
bhojpuricinema,012_brc_toharkiriya.png
bhopal,001_mp_bawa.png
bhopal,002_mp_bhaiko.png
bhopal,003_mp_mastrebawa.png
bhopal,004_mp_ayechirkut.png
bhopal,005_mp_zebaat.png
bhopal,006_mp_bhannat.png
bhopal,007_mp_haore.png
bhopal,008_mp_bahutshandar.png
bhopal,009_mp_bhaonakhao.png
bhopal,010_mp_jhandu.png
bhopal,011_mp_fattu.png
bhopal,012_mp_makada.png
bhopal,013_mp_dassmatt.png
bhopal,014_mp_chakole.png
bhopal,015_mp_ekdumkarra.png
bhopal,016_mp_maal.png
bhopal,017_mp_qkhankaise.png
bhopal,018_mp_haddhaiyaar.png
bhopal,019_mp_ustad.png
bhopal,020_mp_mattokaro.png
bhopal2,001_mp_bawa.png
bhopal2,002_mp_bhaiko.png
bhopal2,003_mp_mastrebawa.png
bhopal2,004_mp_ayechirkut.png
bhopal2,005_mp_zebaat.png
bhopal2,006_mp_bhannat.png
bhopal2,007_mp_haore.png
bhopal2,008_mp_bahutshandar.png
bhopal2,009_mp_bhaonakhao.png
bhopal2,010_mp_jhandu.png
bhopal2,011_mp_fattu.png
bhopal2,012_mp_makada.png
bhopal2,013_mp_dassmatt.png
bhopal2,014_mp_chakole.png
bhopal2,015_mp_ekdumkarra.png
bhopal2,016_mp_maal.png
bhopal2,017_mp_qkhankaise.png
bhopal2,018_mp_haddhaiyaar.png
bhopal2,019_mp_ustad.png
bhopal2,020_mp_mattokaro.png
bihar,001_bh_kaisanba.png
bihar,002_bh_thikba.png
bihar,003_bh_neeman.png
bihar,004_bh_babua.png
bihar,005_bh_ghonchu.png
bihar,006_bh_bhaksaale.png
bihar,007_bh_hurrrr.png
bihar,008_bh_bhokaal.png
bihar,009_bh_mareem.png
bihar,010_bh_paidal.png
bihar,011_bh_suttan.png
bihar,012_bh_jilla.png
bihar,013_bh_kathi.png
bihar,014_bh_bagadbilla.png
bihar,015_bh_burbak.png
bihar,016_bh_farji.png
bihar,017_bh_chindi.png
bihar,018_bh_baketi.png
bihar,019_bh_bujhlak.png
bihar,020_bh_gayab.png
bihar,021_bh_suprabhat.png
bihar,022_bh_shubhratri.png
bihar,023_bh_namaste.png
bihar,024_bh_ramram.png
bihar,025_bh_tata.png
bihar,026_bh_chalrahal.png
bihar,027_bh_kaunobaatba.png
bihar,028_bh_sabthikbanu.png
bihar,029_bh_karatbara.png
bihar,030_bh_kahabara.png
bihar,031_bh_kab.png
bihar,032_bh_kaise.png
bihar,033_bh_ha.png
bihar,034_bh_na.png
bihar,035_bh_kekra.png
bihar,036_bh_dhanyabad.png
bihar,037_bh_badhiya.png
bihar,038_bh_ekdumbadhiya.png
bihar,039_bh_mazale.png
bihar,040_bh_ta.png
bihar,041_bh_maffkarda.png
bihar,042_bh_rukalbani.png
bihar,043_bh_tohsenahoi.png
bihar,044_bh_ekdumchup.png
bihar,045_bh_humkakari.png
bihar,046_bh_bhulja.png
bihar,047_bh_bhagihase.png
bihar,048_bh_aamaidanme.png
bihar,049_bh_toharkhairnaikhe.png
bihar,050_bh_tohmeparan.png
bihar,051_bh_chinhle.png
bihar,052_bh_kuchhu.png
bihar,053_bh_bahuthogail.png
bihar,054_bh_baurailbare.png
bihar,055_bh_acharj.png
bihar,056_bh_ruka.png
bihar,057_bh_kiriyakhatani.png
bihar,058_bh_kuda.png
bihar2,001_bh_kaisanba.png
bihar2,002_bh_thikba.png
bihar2,003_bh_neeman.png
bihar2,004_bh_babua.png
bihar2,005_bh_ghonchu.png
bihar2,006_bh_bhaksaale.png
bihar2,007_bh_hurrrr.png
bihar2,008_bh_bhokaal.png
bihar2,009_bh_mareem.png
bihar2,010_bh_paidal.png
bihar2,011_bh_suttan.png
bihar2,012_bh_jilla.png
bihar2,013_bh_kathi.png
bihar2,014_bh_bagadbilla.png
bihar2,015_bh_burbak.png
bihar2,016_bh_farji.png
bihar2,017_bh_chindi.png
bihar2,018_bh_baketi.png
bihar2,019_bh_bujhlak.png
bihar2,020_bh_gayab.png
biharlove,001_brl_premkarile.png
biharlove,002_brl_agochummadeda.png
biharlove,003_brl_tohrabinhum.png
biharlove,004_brl_tuhamarhau.png
biharlove,005_brl_yeraaja.png
biharlove,006_brl_humarjaim.png
biharlove,007_brl_humradilmetu.png
biharlove,008_brl_hamarprem.png
biharlove,009_brl_toharpyarchahi.png
biharlove,010_brl_sambhaliyahadil.png
biharlove,011_brl_jiaradhadkela.png
biharlove,012_brl_baraniklagelu.png
biharlove,013_brl_tuhamarrani.png
biharlove,014_brl_jabseankhiyan.png
biharlove,015_brl_tuhamarjaan.png
biharlove,016_brl_emilanhoke.png
biharlove,017_brl_tuchandsebhi.png
biharlove,018_brl_toharbahut.png
biharlove,019_brl_tohrakabahu.png
biharlove,020_brl_yekarejake.png
bollydialogues,001_bd_babajikibooti.png
bollydialogues,002_bd_charbottlevodka.png
bollydialogues,003_bd_chamak.png
bollydialogues,004_bd_shakeyourbootiya.png
bollydialogues,005_bd_dancebasanti.png
bollydialogues,006_bd_bangbang.png
bollydialogues,007_bd_tharkichokro.png
bollydialogues,008_bd_tumhiho.png
bollydialogues,009_bd_samjhawan.png
bollydialogues,010_bd_tujaanena.png
bollydialogues,011_bd_badluckarab.png
bollydialogues,012_bd_tumharepaaskya.png
bollydialogues,013_bd_khoonchoosle.png
bollydialogues,014_bd_haseephasee.png
bollydialogues,015_bd_yehjawaani.png
bollydialogues,016_bd_nosorrythankyou.png
bollydialogues,017_bd_hatetears.png
bollydialogues,018_bd_rishteinmeintoh.png
bollydialogues,019_bd_dramebaaz.png
bollydialogues,020_bd_kuttekamine.png
bollydialogues,020_bd_nautankisaala.png
bollydialogues,021_bd_nautankisaala.png
bollydialogues,021_bd_tareekhpetareekh.png
bollydialogues,022_bd_tareekhpetareekh.png
bollydialogues,022_bd_yehbachon.png
bollydialogues,023_bd_saraseherlion.png
bollydialogues,023_bd_yehbachon.png
bollydialogues,024_bd_badebade.png
bollydialogues,024_bd_saraseherlion.png
bollydialogues,025_bd_badebade.png
bollywood,001_salu.png
bollywood,002_rajni.png
bollywood,003_priyankac.png
bollywood,004_amir.png
bollywood,005_srk.png
bollywood,006_amitabh.png
bollywood,007_kareena.png
bollywood,008_rakhi.png
bollywood,009_sh.png
bollywood,010_badtamez.png
bollywood,011_maayaoo.png
bollywood,012_confuse_sperm.png
bollywood,013_wtf.png
bollywood,014_gajni.png
bollywood,015_raghu.png
bollywood,016_bum.png
bollywood,017_maamu.png
bollywood,018_jhakas.png
bollywood,019_gadbad.png
bollywood,020_dude.png
bollywood,021_thullu.png
bollywood,022_satakli.png
bollywood,023_virat.png
bollywood,024_gayle.png
bollywood,025_malingaa.png
bollywood,026_babydoll.png
bollywood,027_gabbar.png
bollywood,028_yoyo.png
bollywood,029_nonsense.png
bollywood,030_palak.png
bollywood,031_siddhu.png
bollywood,032_kolaveri.png
bollywood,033_halkat.png
bollywood,034_itusa.png
bollywood,035_daya.png
bollywood,036_woww.png
bollywood,037_khamosh.png
bollywood,038_akshay.png
bollywood,039_aaooo.png
bollywood,040_superji.png
bollywood,041_mogambo.png
bollywood,042_mainterahero.png
bollywood,043_gandibaat.png
bollywood,044_hataasaavankighataa.png
bollywood,045_kyaa.png
bollywood,046_thokotaali.png
bollywood,047_bolotararara.png
bollywood,048_acchahai.png
bollywood,049_badman.png
bollywood,050_ashirwaad.png
bollywood,051_kripabarsegi.png
bollywood,052_letsparty.png
bollywood,053_ailaa.png
bollywood,054_ooimaaa.png
bollywood,055_thalaivaa.png
bollywood,056_chutzpath.png
bollywood,057_laibhaarii.png
bollywood,058_lulhogayi.png
brahma,001_br_ayyooo.png
brahma,002_br_namaste.png
brahma,003_br_yeaah.png
brahma,004_br_ugotit.png
brahma,005_br_aapandroii.png
brahma,006_br_nijama.png
brahma,007_br_humanity.png
brahma,008_br_relaaaxxx.png
brahma,009_br_pattarani.png
brahma,010_br_chilipi.png
brahma,011_br_kharma.png
brahma,012_br_baadha.png
brahma,013_br_aindaa.png
brahma,014_br_amayakudini.png
brahma,015_br_nuvvukani.png
brocode,001_bro_yobro.png
brocode,002_bro_whaddup.png
brocode,003_bro_fuckedup.png
brocode,004_bro_badass.png
brocode,005_bro_swag.png
brocode,006_bro_whataplayer.png
brocode,007_bro_gotcha.png
brocode,008_bro_dude.png
brocode,009_bro_broheroes.png
brocode,010_bro_urdman.png
brocode,011_bro_shetaken.png
brocode,012_bro_shemine.png
brocode,013_bro_hellyeah.png
brocode,014_bro_damn.png
brocode,015_bro_brocode.png
brocode,016_bro_whatimean.png
bundelkhandi,001_bund_tumkakaratho.png
bundelkhandi,002_bund_bahotbadhiya.png
bundelkhandi,003_bund_humtheekhainge.png
bundelkhandi,004_bund_kabhe.png
bundelkhandi,005_bund_kahuwo.png
bundelkhandi,006_bund_kaisen.png
bundelkhandi,007_bund_tumkiteho.png
bundelkhandi,008_bund_hawo.png
bundelkhandi,009_bund_naahi.png
bundelkhandi,010_bund_gichadnakar.png
bundelkhandi,011_bund_maroekthulla.png
bundelkhandi,012_bund_jhanpaddiyo.png
bundelkhandi,013_bund_keyre.png
bundelkhandi,014_bund_sanchho.png
bundelkhandi,015_bund_maafkariyo.png
bundelkhandi,016_bund_niptalayi.png
bundelkhandi,017_bund_rukotani.png
chattisgarhi,001_chat_jaijohar.png
chattisgarhi,002_chat_kaisehas.png
chattisgarhi,003_chat_kakarathas.png
chattisgarhi,004_chat_kaisehois.png
chattisgarhi,005_chat_abbaadmaza.png
chattisgarhi,006_chat_suggharbihania.png
chattisgarhi,007_chat_sutja.png
chattisgarhi,008_chat_katikber.png
chattisgarhi,009_chat_ketidahar.png
chattisgarhi,010_chat_badhiyakankrees.png
chattisgarhi,011_chat_molamaafi.png
chattisgarhi,012_chat_rahale.png
chattisgarhi,013_chat_gauki.png
chattisgarhi,014_chat_hao.png
chattisgarhi,015_chat_nihii.png
chattisgarhi,016_chat_bhaigeybhaigey.png
chattisgarhi,017_chat_ekhreyseti.png
chattisgarhi,018_chat_banesangi.png
chattisgarhi,019_chat_marhuutola.png
chattisgarhi,020_chat_chethila.png
chattisgarhi,021_chat_bhulaja.png
chattisgarhi,022_chat_thorkinthira.png
chattisgarhi,023_chat_gathnram.png
chennai,001_tn_eppudi.png
chennai,002_tn_aiyo.png
chennai,003_tn_machaa.png
chennai,004_tn_nanbenda.png
chennai,005_tn_paaahhh.png
chennai,006_tn_dhoda.png
chennai,007_tn_semma.png
chennai,008_tn_enjoymachi.png
chennai,009_tn_ulagamahanadipu.png
chennai,010_tn_enanakkalah.png
chennai,011_tn_goyyala.png
chennai,012_tn_kalaai.png
chennai,013_tn_merselaayiten.png
chennai,014_tn_vidumachi.png
chennai,015_tn_vadapoche.png
chennai,016_tn_otha.png
chennai,017_tn_koomoota.png
chennai,018_tn_kedibugger.png
chennai,019_tn_konjammoodriya.png
chennai,020_tn_sathyasodhanai.png
chennai,021_tn_podapanni.png
chennai,022_tn_pudungavendam.png
chennai,023_tn_kadupethuraar.png
chennai,024_tn_pudichijail.png
chennai,025_tn_neeyennaperiya.png
chennai,026_tn_kosuthollathangala.png
chennai,027_tn_idhuepdi.png
chennai,028_tn_envazhi.png
chennai,029_tn_hnymacha.png
chennai,030_tn_kaalai.png
chennai,031_tn_iravu.png
chennai,032_tn_vanakam.png
chennai,033_tn_amma.png
chennai,034_tn_illa.png
chennai,035_tn_manicho.png
chennai,036_tn_nanri.png
chennai,037_tn_ennapanra.png
chennai,038_tn_makku.png
chennai,039_tn_vaayamoodu.png
chennai,040_tn_podhum.png
chennai,041_tn_kadupuethadha.png
chennai,042_tn_odipoidu.png
chennai,043_tn_marandhidu.png
chennai,044_tn_saavadichiduven.png
chennai,045_tn_engairuka.png
chennai,046_tn_eppo.png
chennai,047_tn_eppudi.png
chennai,048_tn_yaaru.png
chennai,049_tn_naaniruken.png
chennai,050_tn_sathyama.png
chennai,051_tn_adhanala.png
chennai2,001_tn_eppudi.png
chennai2,002_tn_aiyo.png
chennai2,003_tn_machaa.png
chennai2,004_tn_nanbenda.png
chennai2,005_tn_paaahhh.png
chennai2,006_tn_dhoda.png
chennai2,007_tn_semma.png
chennai2,008_tn_enjoymachi.png
chennai2,009_tn_ulagamahanadipu.png
chennai2,010_tn_enanakkalah.png
chennai2,011_tn_goyyala.png
chennai2,012_tn_kalaai.png
chennai2,013_tn_merselaayiten.png
chennai2,014_tn_vidumachi.png
chennai2,015_tn_vadapoche.png
chennai2,016_tn_otha.png
chennai2,017_tn_koomoota.png
chennai2,018_tn_kedibugger.png
chennai2,019_tn_konjammoodriya.png
chennai2,020_tn_sathyasodhanai.png
chennai2,021_tn_podapanni.png
chennai2,022_tn_pudungavendam.png
chennai2,023_tn_kadupethuraar.png
chennai2,024_tn_pudichijail.png
chennai2,025_tn_neeyennaperiya.png
chennai2,026_tn_kosuthollathangala.png
chennai2,027_tn_idhuepdi.png
chennai2,028_tn_envazhi.png
college,001_settingkarade.png
college,002_pakkamat.png
college,003_proxylagade.png
college,004_letsbunk.png
college,005_bhagooo.png
college,006_classover.png
college,007_lagadi.png
college,008_bakwaasbandh.png
college,009_surprised.png
college,010_bitch.png
college,011_dekhlenge.png
college,012_dekhkyarahai.png
college,013_baharmill.png
college,014_dekhlunga.png
college,015_notesdede.png
college,016_kitnapadha.png
college,017_padegakaun.png
college,018_college.png
college,019_kalkitnebaje.png
college,020_xerox.png
college,021_bhook.png
college,022_canteen.png
college,023_hookah.png
college,024_party.png
cricmania,001_cm_scorekya.png
cricmania,002_cm_whtscore.png
cricmania,003_cm_classicshot.png
cricmania,004_cm_chokamaar.png
cricmania,005_cm_aagebadh.png
cricmania,006_cm_deghumake.png
cricmania,007_cm_masterstroke.png
cricmania,008_cm_straightdown.png
cricmania,009_cm_fourrr.png
cricmania,010_cm_six.png
cricmania,011_cm_out.png
cricmania,012_cm_rainingsix.png
cricmania,013_cm_dhodala.png
cricmania,014_cm_googlyphenk.png
cricmania,015_cm_udegigilli.png
cricmania,016_cm_jaegagliball.png
cricmania,017_cm_bowled.png
cricmania,018_cm_bhaagsaale.png
cricmania,019_cm_aaramkhel.png
cricmania,020_cm_whtcatch.png
cricmania,021_cm_howzaattt.png
cricmania,022_cm_nooo.png
cricmania,023_cm_cheating.png
cricmania,024_cm_baalbaal.png
cricmania,025_cm_halfcentury.png
cricmania,026_cm_nineties.png
cricmania,027_cm_century.png
cricmania,028_cm_whtinnings.png
cricmania,029_cm_maukamauka.png
daaru,001_da_meinepee.png
daaru,002_da_jaydagayi.png
daaru,003_da_patiala.png
daaru,004_da_rocks.png
daaru,005_da_neat.png
daaru,006_da_hangover.png
daaru,007_da_desidaaru.png
daaru,008_da_dryday.png
daaru,009_da_talli.png
daaru,010_da_gaadimain.png
daaru,011_da_sutta.png
daaru,012_da_merabhai.png
daaru,013_da_beerpeace.png
daaru,014_da_martini.png
daaru,015_da_wine.png
daaru,016_da_rum.png
delhi,001_dl_oye.png
delhi,002_dl_kithe.png
delhi,003_dl_sanuki.png
delhi,004_dl_kyascene.png
delhi,005_dl_haanji.png
delhi,006_dl_balleballe.png
delhi,007_dl_vadiya.png
delhi,008_dl_badelog.png
delhi,009_dl_bhai.png
delhi,010_dl_tumsena.png
delhi,011_dl_bhains.png
delhi,012_dl_benchod.png
delhi,013_dl_bakchodi.png
delhi,014_dl_chakde.png
delhi,015_dl_shakal.png
delhi,016_dl_rulayegakya.png
delhi,017_dl_bhassad.png
delhi,018_dl_nakhre.png
delhi,019_dl_bhaadmein.png
delhi,020_dl_galti.png
delhi,021_dl_bhauk.png
delhi,022_dl_hnybhai.png
delhi,023_dl_feelaagayi.png
delhi,024_dl_bhaikeliye.png
delhi,025_dl_tota.png
delhi,026_dl_faadhai.png
delhi,027_dl_chapaid.png
delhi,028_dl_tharkisaala.png
delhi,029_dl_chepsaala.png
delhi,030_dl_chappadganju.png
delhi,031_dl_katta.png
delhi,032_dl_naakaryaar.png
delhi,033_dl_badevelle.png
delhi,034_dl_galti.png
delhi,035_dl_haddhai.png
delhi,036_dl_kamithi.png
desilove,001_ilu_babu.png
desilove,002_ilu_jaan.png
desilove,003_ilu_jaanu.png
desilove,004_ilu_loveubabu.png
desilove,005_ilu_loveujaana.png
desilove,006_ilu_sweetu.png
desilove,007_ilu_shona.png
desilove,008_ilu_honeybunny.png
desilove,009_ilu_janeman.png
desilove,010_ilu_loveyou.png
desilove,011_ilu_lovemena.png
desilove,012_ilu_tumhiho.png
desilove,013_ilu_aajaclose.png
desilove,014_ilu_darling.png
desilove,015_ilu_puchu.png
desilove,016_ilu_pari.png
desiswag,001_ds_abeakal.png
desiswag,002_ds_baapbaap.png
desiswag,003_ds_apnebaap.png
desiswag,004_ds_aakhirbaapkaun.png
desiswag,005_ds_dekhmaje.png
desiswag,006_ds_dimagmatkha.png
desiswag,007_ds_dostdushman.png
desiswag,008_ds_tunemarwali.png
desiswag,009_ds_jugaadhaiapna.png
desiswag,010_ds_sudharja.png
desiswag,011_ds_yahiummeed.png
desiswag,012_ds_terabhai.png
desiswag,013_ds_bhaipyar.png
desiswag,014_ds_bhaunkieta.png
desiswag,015_ds_golimaardunga.png
desiswag,016_ds_gyaanmatbaant.png
desiswag,017_ds_hogayatera.png
desiswag,018_ds_jalrahi.png
desiswag,019_ds_kismatkharaab.png
desiswag,020_ds_chalbesaale.png
desiswag,021_ds_kyabolabc.png
desiswag,022_ds_gaandmara.png
desiswag,023_ds_aukarmereh.png
desiswag,024_ds_bhoske.png
desiswag,025_ds_fuckyou.png
desiswag,026_ds_iskimaaka.png
desiswag,027_ds_bhadve.png
doggy,001_hi.png
doggy,002_thumbsup.png
doggy,003_drooling.png
doggy,004_devilsmile.png
doggy,005_sorry.png
doggy,006_urgh.png
doggy,007_confused.png
doggy,008_dreaming.png
doggy,009_wokeuplate.png
doggy,010_sick.png
doggy,011_studyingtilllate.png
doggy,012_showering.png
doggy,013_cooking.png
doggy,014_5min.png
doggy,015_15min.png
doggy,016_1hour.png
doggy,017_3hours.png
doggy,018_exhausted.png
doggy,019_iamsorry.png
doggy,020_thankyou.png
doggy,021_missyou.png
doggy,022_loveyou.png
doggy,023_yes.png
doggy,024_no.png
doggy,025_rofl.png
doggy,026_crying.png
doggy,027_angry.png
excusenglish,001_exe_imbusy.png
excusenglish,002_exe_imtired.png
excusenglish,003_exe_stuckintraffic.png
excusenglish,004_exe_headache.png
excusenglish,005_exe_needtostudy.png
excusenglish,006_exe_notinmood.png
excusenglish,007_exe_idk.png
excusenglish,008_exe_momsaidno.png
excusenglish,009_exe_workathome.png
excusenglish,010_exe_inclass.png
excusenglish,011_exe_nobalance.png
excusenglish,012_exe_nomoney.png
excuseshindi,001_exh_busyhoon.png
excuseshindi,002_exh_dekhtehai.png
excuseshindi,003_exh_bimaarhoon.png
excuseshindi,004_exh_dwomin.png
excuseshindi,005_exh_kaameinbusy.png
excuseshindi,006_exh_netnahichalra.png
excuseshindi,007_exh_merepasstime.png
excuseshindi,008_exh_firkabhi.png
excuseshindi,009_exh_patanaichala.png
excuseshindi,010_exh_dekhanahi.png
excuseshindi,011_exh_busnikalgai.png
excuseshindi,012_exh_merebaski.png
experiments,001_lifegoeson.png
experiments,002_alliswell.png
experiments,003_loveislife.png
experiments,004_makeithappen.png
experiments,005_nevergiveup.png
experiments,006_bepositive.png
experiments,007_justroll.png
experiments,008_behappy.png
experiments,009_timemodi.png
expressions,001_gn.png
expressions,002_lol.png
expressions,003_rofl.png
expressions,004_lmao.png
expressions,005_omg.png
expressions,006_brb.png
expressions,007_gtg.png
expressions,008_xoxo.png
expressions,009_gm.png
expressions,010_callme.png
expressions,011_lips.png
expressions,012_giftbox.png
expressions,013_yum.png
expressions,014_cupcake.png
expressions,015_cakeslice.png
expressions,016_burger.png
expressions,017_eid.png
expressions,018_malhar.png
expressions,019_15aug.png
expressions,020_rakhi.png
expressions,021_janmashtami.png
expressions,022_itsover.png
expressions,023_heart.png
expressions,024_rose.png
expressions,025_cheers.png
expressions,026_dafuq.png
expressions,027_wtf.png
expressions,028_gtfo.png
expressions,029_stfu.png
expressions,030_fuckingbitch.png
expressions,031_idk.png
expressions,032_idc.png
expressions,033_sup.png
expressions,034_dnd.png
expressions,035_ttyl.png
expressions,036_wbu.png
expressions,037_coolio.png
expressions,038_ganesha.png
expressions,039_onam.png
expressions,040oktoberfest.png
expressions,041_navratri.png
expressions,042_durgapuja.png
expressions,043_dussehra.png
expressions,044_tot.png
expressions,045_owl.png
expressions,046_happy_halloween.png
expressions,047_spooky_cat.png
expressions,048_happy.png
expressions,049_scary.png
expressions,050_sad.png
expressions,051_diwali.png
expressions,052_newyear.png
expressions,053_sachin.png
expressions,054_new_year.png
expressions,055_sankrant.png
expressions,056_lohri.png
expressions,057_pongal.png
expressions,058_republicday.png
expressions,059_loveyou.png
expressions,060_awww.png
expressions,061_lovelips.png
expressions,062_naughtylips.png
expressions,063_areyoumad.png
expressions,064_bitch.png
expressions,065_stupid.png
expressions,066_osum.png
expressions,067_asap.png
expressions,068_rollingstone.png
expressions,069_valentineday.png
expressions,070_mahashivaratri.png
expressions,071_women_day.png
expressions,072_holi.png
expressions,073_stpatrickday.png
expressions,074_ugadi.png
expressions,075_gudi_padwa.png
expressions,076_cheti_chand.png
expressions,077_April_Fool.png
expressions,078_navratri.png
expressions,079_ramnavami.png
expressions,080_bihu.png
expressions,081_mahavir.png
expressions,082_puthandu.png
expressions,083_baisakhi.png
expressions,084_vishu.png
expressions,085_boisakh.png
expressions,086_hanumanjayanti.png
expressions,087_earth_day.png
expressions,088_easter.png
expressions,089_buddha_purnima.png
expressions,090_mothersday.png
expressions,091_hi.png
expressions,092_yo.png
expressions,093_byee.png
expressions,094_sorry.png
expressions,095_thanks.png
expressions,096_oh_plss.png
expressions,097_middle_finger.png
expressions,098_muhahaha.png
expressions,099_ok.png
expressions,100_nope.png
expressions,101_miss_you.png
expressions,102_vatpurnima.png
expressions,103_pleaaaseeee.png
expressions,104_sweetdreams.png
expressions,105_hmmm.png
expressions,106_huh.png
expressions,107_nothing.png
expressions,108_awesome.png
expressions,109_goodluck.png
expressions,110_highfive.png
expressions,111_welcome.png
expressions,112_watchadoing.png
expressions,113_whereareyou.png
expressions,114_wait.png
expressions,115_attitude.png
expressions,116_whatsyourproblem.png
expressions,117_wtf.png
expressions,118_getlost.png
expressions,119_eid.png
expressions,120_friendshipday.png
expressions,121_independence.png
expressions,122_rakshabandhan.png
expressions,123_parsinewyear.png
expressions,124_janmashtami.png
expressions,125_ganpati.png
expressions,126_onam.png
expressions,128_jaimatadi.png
expressions,129_shubhobijoya.png
expressions,130_bengali.png
expressions,131_joymaadurga.png
expressions,132_dusshera.png
expressions,133_eidmubarak.png
expressions,134_happydiwali.png
expressions,135_shubhdeepawali.png
expressions,136_bhaidooj.png
expressions,137_halloween.png
expressions,138_chhathpuja.png
expressions,139_gurpurab.png
expressions,140_samachakeva.png
expressions,141_pomblang.png
expressions,142_xavier.png
expressions,143_karthigaideepam.png
expressions,144_xmas.png
femaletis,001_fe_mast.png
femaletis,002_fe_waah.png
femaletis,003_fe_sahihai.png
femaletis,004_fe_chillmaar.png
femaletis,005_fe_toh.png
femaletis,006_fe_haww.png
femaletis,007_fe_nahiinn.png
femaletis,008_fe_bas.png
femaletis,009_fe_chup.png
femaletis,010_fe_turehende.png
femaletis,011_fe_tugayi.png
femaletis,012_fe_saali.png
femaletis,013_fe_kutti.png
femaletis,014_fe_kamini.png
femaletis,015_fe_gadhi.png
femaletis,016_fe_pagalhai.png
femaletis,017_fe_kuchbhi.png
femaletis,018_fe_dimaagchat.png
femaletis,019_fe_nikalyahan.png
femaletis,020_fe_pakaamat.png
festive,001_santa.png
festive,002_merryxmas.png
festive,003_reindeer.png
festive,004_elf.png
festive,005_snowman.png
festive,006_champagne.png
festive,007_newyearkiss.png
festive,008_hikinnewyear.png
festive,009_christmastree.png
festive,011_pongalft.png
festive,012_hikinpongalft.png
festive,013_bihuft.png
festive,014_lohrift.png
festive,015_hikinlohrift.png
festive,016_makarsankrantift.png
festive,017_hikinsankrantift.png
festive,018_kaipocheft.png
festive,019_vasantpanchami.png
festive,020_basantpanchami.png
festive,021_maasaraswati.png
festive,022_happyrepublic.png
festive,023_cupidhikin.png
festive,024_vivacarnival.png
festive,025_shivratri.png
festive,026_shivaji.png
festive,027_holi.png
festive,028_rangbarsehikin.png
festive,029_bhaanghikin.png
festive,030_subho_dol_purnima.png
festive,031_chapcharkut.png
festive,032_womensday.png
festive,033_navratri.png
festive,034_matadijai.png
festive,035_ugadi.png
festive,036_gudhipadwa.png
festive,037_nowruz.png
festive,038_chetichand.png
festive,039_ramnavami.png
festive,040_earthour.png
festive,041_aprilfool.png
festive,042_mahavir.png
festive,043_easter.png
festive,044_hanuman.png
festive,045_puthanduvaaz.png
festive,046_subhonoboborsho.png
festive,047_happyvaisakhi.png
festive,048_panasankranti.png
festive,049_gorubihurulog.png
festive,050_jaibhim.png
festive,051_rongalibihurulog.png
festive,052_himachalday.png
festive,053_parshuramjayanti.png
festive,054_shubhakshayatritiya.png
gaaligaloch,001_gg_saale.png
gaaligaloch,002_gg_kuttey.png
gaaligaloch,003_gg_kaminey.png
gaaligaloch,004_gg_middlefinger.png
gaaligaloch,005_gg_bhangee.png
gaaligaloch,006_gg_harami.png
gaaligaloch,007_gg_chutiye.png
gaaligaloch,008_gg_bhosdike.png
gaaligaloch,009_gg_chodu.png
gaaligaloch,010_gg_gaandmara.png
gaaligaloch,011_gg_fuckoff.png
gaaligaloch,012_gg_fuckyou.png
gaaligaloch,013_gg_balls.png
gaaligaloch,014_gg_bhenchod.png
gaaligaloch,015_gg_asshole.png
gaaligaloch,016_gg_twomf.png
gaaligaloch,017_gg_saali.png
gaaligaloch,018_gg_kutti.png
gaaligaloch,019_gg_kamini.png
gaaligaloch,020_gg_bastard.png
gaaligaloch,021_gg_mcbc.png
goa,001_goa_avoois.png
goa,002_goa_susegaat.png
goa,003_goa_kitekarta.png
goa,004_goa_kaina.png
goa,005_goa_aik.png
goa,006_goa_khay.png
goa,007_goa_pachhkayenaka.png
goa,008_goa_vaazailo.png
goa,009_goa_kashe.png
goa,010_goa_kasoasare.png
goa,011_goa_haavborro.png
goa,012_goa_ravmatso.png
goa,013_goa_pachkayle.png
goa,014_goa_mhakakhabarna.png
goa,015_goa_chakzaali.png
goa,016_goa_kiteyi.png
goa,017_goa_sarkeulai.png
goa,018_goa_matsokamitraav.png
goa,019_goa_pisavla.png
goa,020_goa_morre.png
goa,021_goa_kamachonhi.png
goa,022_goa_oogirav.png
goa,023_goa_purore.png
goa,024_goa_zhakmaar.png
goa,025_goa_raatb.png
goa,026_goa_disborovachu.png
goa,027_goa_devbarekaru.png
goa,028_goa_feni.png
goa,029_goa_amigoenkaar.png
greetings,001_higw.png
greetings,002_whatsupgw.png
greetings,003_hellooogw.png
greetings,004_goodmorninggw.png
greetings,005_howrudoingw.png
greetings,006_havenicedaygw.png
greetings,007_allbestgw.png
greetings,008_congratsgw.png
greetings,009_getwellsoongw.png
greetings,010_happybdaygw.png
greetings,011_thankyougw.png
greetings,012_thankusomuchgw.png
greetings,013_welcomegw.png
greetings,014_goodeveninggw.png
greetings,015_howasurdaygw.png
greetings,016_goodnightgw.png
greetings,017_sweetdreamsgw.png
greetings,018_takecaregw.png
greetings,019_sleepwellgw.png
greetings,020_goodbyegw.png
gujarat,001_gj_aehaalo.png
gujarat,002_gj_kemcho.png
gujarat,003_gj_majama.png
gujarat,004_gj_jobaka.png
gujarat,005_gj_hosiyarinamaar.png
gujarat,006_gj_alaaoyyy.png
gujarat,007_gj_hutanepremkaruchu.png
gujarat,008_gj_suvatkre.png
gujarat,009_gj_bhaibhai.png
gujarat,010_gj_doba.png
gujarat,011_gj_vaatlagi.png
gujarat,012_gj_aavjo.png
gujarat,013_gj_saras.png
gujarat,014_gj_aabhangar.png
gujarat,015_gj_bahuthayu.png
gujarat,016_gj_dubimar.png
gujarat,017_gj_magajmaari.png
gujarat,018_gj_haltinothane.png
gujarat,019_gj_pattarthokma.png
gujarat,020_gj_takliftorehvani.png
gujarat,021_gj_hnybhai.png
gujarat,022_gj_shubhsavar.png
gujarat,023_gj_shubhratri.png
gujarat,024_gj_sukareche.png
gujarat,025_gj_suchaleche.png
gujarat,026_gj_kaipan.png
gujarat,027_gj_kevirite.png
gujarat,028_gj_kon.png
gujarat,029_gj_kyanche.png
gujarat,030_gj_kyare.png
gujarat,031_gj_ha.png
gujarat,032_gj_na.png
gujarat,033_gj_chupbes.png
gujarat,034_gj_bhoolija.png
gujarat,035_gj_manehairanakar.png
gujarat,036_gj_huntanemaaris.png
gujarat,037_gj_jane.png
gujarat,038_gj_sakhat.png
gujarat,039_gj_sam.png
gujarat2,001_gj_aehaalo.png
gujarat2,002_gj_kemcho.png
gujarat2,003_gj_majama.png
gujarat2,004_gj_jobaka.png
gujarat2,005_gj_hosiyarinamaar.png
gujarat2,006_gj_alaaoyyy.png
gujarat2,007_gj_hutanepremkaruchu.png
gujarat2,008_gj_suvatkre.png
gujarat2,009_gj_bhaibhai.png
gujarat2,010_gj_doba.png
gujarat2,011_gj_vaatlagi.png
gujarat2,012_gj_aavjo.png
gujarat2,013_gj_saras.png
gujarat2,014_gj_aabhangar.png
gujarat2,015_gj_bahuthayu.png
gujarat2,016_gj_dubimar.png
gujarat2,017_gj_magajmaari.png
gujarat2,018_gj_haltinothane.png
gujarat2,019_gj_pattarthokma.png
gujarat2,020_gj_takliftorehvani.png
gujaratlove,001_gjl_hunpremkaruchu.png
gujaratlove,002_gjl_bakuda.png
gujaratlove,003_gjl_bakudi.png
gujaratlove,004_gjl_prempankhida.png
gujaratlove,005_gjl_taramaatekai.png
gujaratlove,006_gjl_tarajevakoinai.png
gujaratlove,007_gjl_tubausaarilageche.png
gujaratlove,008_gjl_tumanebaugameche.png
gujaratlove,009_gjl_tanemaarasam.png
gujaratlove,010_gjl_tumaarijaanche.png
gujaratlove,011_gjl_taravagerkainai.png
gujaratlove,012_gjl_taribauyaadave.png
gujjushows,001_gjtv_kyahua.png
gujjushows,002_gjtv_kuchkahapne.png
gujjushows,003_gjtv_hahaha.png
gujjushows,004_gjtv_hain.png
gujjushows,005_gjtv_khanakha.png
gujjushows,006_gjtv_sahibaathai.png
gujjushows,007_gjtv_waahwaah.png
gujjushows,008_gjtv_haayhaay.png
gujjushows,009_gjtv_superk.png
gujjushows,010_gjtv_jaisijiskisoch.png
gujjushows,011_gjtv_mymy.png
gujjushows,012_gjtv_explain.png
gujjushows,013_gjtv_kisikopata.png
gujjushows,014_gjtv_dontmind.png
gujjushows,015_gjtv_freemilega.png
gujjushows,016_gjtv_middleclass.png
gujjushows,017_gjtv_momma.png
gujjushows,018_gjtv_badelogbadelog.png
gujjushows,019_gjtv_dobi.png
gujjushows,020_gjtv_gadha.png
gujjushows,021_gjtv_ebabuchak.png
gujjushows,022_gjtv_bhaisaahb.png
gujjushows,023_gjtv_ashishtmaanushya.png
gujjushows,024_gjtv_naradmuni.png
gujjushows,025_gjtv_hansaa.png
gujjushows,026_gjtv_satyanash.png
gujjushows,027_gjtv_chalofriends.png
gujjushows,028_gjtv_chalokuchkhaatehai.png
gujjushows,029_gjtv_partyshartykartehai.png
gujjushows,030_gjtv_cancell.png
guwahati,001_as_kikorisa.png
guwahati,002_as_kamur.png
guwahati,003_as_tamam.png
guwahati,004_as_valdiladei.png
guwahati,005_as_tumimorkolija.png
guwahati,006_as_apuniehero.png
guwahati,007_as_jomaidisa.png
guwahati,008_as_goruchor.png
guwahati,009_as_hobode.png
guwahati,010_as_hoiseja.png
guwahati,011_as_kantolia.png
guwahati,012_as_bewranekibey.png
guwahati,013_as_aapunimohan.png
guwahati,014_as_unnotiasetumar.png
guwahati,015_as_parisatumi.png
guwahati,016_as_aberoh.png
guwahati,017_as_belnkibe.png
guwahati,018_as_puwalisala.png
guwahati,019_as_temagoromnokor.png
guwahati,020_as_zenglagibi.png
guwahati,021_as_huprobhat.png
guwahati,022_as_hubhoratri.png
guwahati,023_as_akunohoi.png
guwahati,024_as_arbasidinnai.png
guwahati,025_as_bhoipadura.png
guwahati,026_as_kotaso.png
guwahati,027_as_mokelniki.png
guwahati,028_as_okora.png
guwahati,029_as_partyatalage.png
guwahati,030_as_burboksaala.png
guwahati,031_as_chintanokoriba.png
guwahati,032_as_issram.png
guwahati,033_as_mahamurkho.png
guwahati,034_as_mathabikhaiase.png
guwahati,035_as_janude.png
guwahati,036_as_labeldiso.png
guwahati,037_as_pisotmosladim.png
guwahati,038_as_tukatipelam.png
guwahati2,001_as_kikorisa.png
guwahati2,002_as_kamur.png
guwahati2,003_as_tamam.png
guwahati2,004_as_valdiladei.png
guwahati2,005_as_tumimorkolija.png
guwahati2,006_as_apuniehero.png
guwahati2,007_as_jomaidisa.png
guwahati2,008_as_goruchor.png
guwahati2,009_as_hobode.png
guwahati2,010_as_hoiseja.png
guwahati2,011_as_kantolia.png
guwahati2,012_as_bewranekibey.png
guwahati2,013_as_aapunimohan.png
guwahati2,014_as_unnotiasetumar.png
guwahati2,015_as_parisatumi.png
guwahati2,016_as_aberoh.png
guwahati2,017_as_belnkibe.png
guwahati2,018_as_puwalisala.png
guwahati2,019_as_temagoromnokor.png
guwahati2,020_as_zenglagibi.png
handguestures,001_hg_thumbsup.png
handguestures,002_hg_thumbsdown.png
handguestures,003_hg_nice.png
handguestures,004_hg_wave.png
handguestures,005_hg_hail.png
handguestures,006_hg_clapping.png
handguestures,007_hg_lovesign.png
handguestures,008_hg_highfive.png
handguestures,009_hg_middlefinger.png
handguestures,010_hg_fingerscrossed.png
handguestures,011_hg_wtf.png
handguestures,012_hg_pointingup.png
handguestures,013_hg_pointingdown.png
handguestures,014_hg_victory.png
handguestures,015_hg_win.png
handguestures,016_hg_muscle.png
haryana,001_hr_sunchore.png
haryana,002_hr_kekarehai.png
haryana,003_hr_ajjijaroor.png
haryana,004_hr_kihoya.png
haryana,005_hr_nayitaza.png
haryana,006_hr_humbe.png
haryana,007_hr_baapbaap.png
haryana,008_hr_bawlachora.png
haryana,009_hr_ladle.png
haryana,010_hr_kithai.png
haryana,011_hr_jeegaya.png
haryana,012_hr_dhakkadchora.png
haryana,013_hr_jaaadete.png
haryana,014_hr_chomatdila.png
haryana,015_hr_thappaddikhese.png
haryana,016_hr_marunlath.png
haryana2,001_hr_sunchore.png
haryana2,002_hr_kekarehai.png
haryana2,003_hr_ajjijaroor.png
haryana2,004_hr_kihoya.png
haryana2,005_hr_nayitaza.png
haryana2,006_hr_humbe.png
haryana2,007_hr_baapbaap.png
haryana2,008_hr_bawlachora.png
haryana2,009_hr_ladle.png
haryana2,010_hr_kithai.png
haryana2,011_hr_jeegaya.png
haryana2,012_hr_dhakkadchora.png
haryana2,013_hr_jaaadete.png
haryana2,014_hr_chomatdila.png
haryana2,015_hr_thappaddikhese.png
haryana2,016_hr_marunlath.png
humanoid,001_love1.png
humanoid,001_Raginghogan.png
humanoid,002_love2.png
humanoid,003_teasing.png
humanoid,004_rofl.png
humanoid,005_bored.png
humanoid,006_angry.png
humanoid,007_strangle.png
humanoid,008_shocked.png
humanoid,009_hurray.png
humanoid,010_yawning.png
humanoid,011_Oogling.png
humanoid,012_Partying.png
humanoid,013_PassedOut.png
humanoid,014_Singing.png
humanoid,015_Singing2.png
humanoid,016_SleepingAtBreakfast.png
humanoid,017_ThrowingThingsAround.png
humanoid,018_Whistling.png
humanoid,019_AllTheBest.png
humanoid,020_Batterylow.png
humanoid,021_Broke.png
humanoid,022_Cheers.png
humanoid,023_Exhausted.png
humanoid,024_GotCaught.png
humanoid,025_ItsYourFault.png
humanoid,026_ListeningtoMusic.png
humanoid,027_Please.png
humanoid,028_Blushing.png
humanoid,029_Navratri.png
humanoid,030_Ravan.png
humanoid,031_Witch.png
humanoid,032_Dracula.png
humanoid,033_Crackers.png
humanoid,034_Rangoli.png
humanoid,035_Atombomb.png
humanoid,036_Heart.png
humanoid,037_worry.png
humanoid,038_nails.png
humanoid,039_fire.png
humanoid,040_muscle.png
humanoid,041_wink.png
humanoid,042_wink2.png
humanoid,043_cry.png
humanoid,044_angry.png
humanoid,045_oops.png
humanoid,046_smile.png
humanoid,047_laugh.png
humanoid,048_nameme.png
humanoid,049_worried.png
humanoid,050_depressed.png
humanoid,051_birthday.png
humanoid,052_chiling.png
humanoid,053_todo.png
humanoid,054_Santa.png
humanoid,055_Elf.png
humanoid,056_Snowman.png
humanoid,057_Gangman.png
humanoid,058_Hogging.png
humanoid,059_Idea.png
humanoid,062_Shoot.png
humanoid,063_Stalk.png
humanoid,064_Sankranti.png
humanoid,065_Jaihind.png
humanoid,066_Valentines.png
humanoid,067_Bhaang.png
humanoid,068_RangBarse.png
humanoid,069_hi.png
humanoid,070_congrats.png
humanoid,071_yes.png
humanoid,072_no.png
humanoid,073_middlefinger.png
humanoid,074_sorry.png
humanoid,075_gotcha.png
humanoid,076_Jaihind.png
humanoid,077_happynavratri.png
humanoid,078_happydiwali.png
humanoid,079_cracker.png
humanoid,080_rangoli.png
humanoid,081_Witch.png
humanoid,082_Dracula.png
humanoid,083_winter.png
humanoid,084_kissoflove.png
humanoid,085_newyeareve.png
humanoid,086_vandemataram.png
humanoid2,001_sale.png
humanoid2,002_jaw.png
humanoid2,003_fist.png
humanoid2,004_hugs.png
humanoid2,005_horror.png
humanoid2,006_temptation.png
humanoid2,007_argue.png
humanoid2,008_anniversary.png
humanoid2,009_lost.png
humanoid2,010_weight.png
humanoid2,011_threadmill.png
humanoid2,012_vacation.png
humanoid2,013_Scene.png
humanoid2,014_Tree.png
humanoid2,015_Reindeer.png
humanoid2,016_newyear.png
humanoid2,017_Dress.png
humanoid2,018_Dance.png
humanoid2,020_Cinema.png
humanoid2,021_Lohri.png
humanoid2,022_Pongal.png
humanoid2,023_Blushing.png
humanoid2,024_worry.png
humanoid2,025_nails.png
humanoid2,026_fire.png
humanoid2,027_muscle.png
humanoid2,028_wink.png
humanoid2,029_wink2.png
humanoid2,030_cry.png
humanoid2,031_angry.png
humanoid2,032_oops.png
humanoid2,033_HappyHoli.png
humanoid2,034_boxing.png
humanoid2,035_angry.png
humanoid2,036_tearycrying.png
humanoid2,037_fine.png
humanoid2,038_talktohand.png
humanoid2,039_eyesrolling.png
humanoid2,040_yuck.png
humanoid2,041_enough.png
humanoid2,042_fakesmile.png
humanoid2,043_sad.png
humanoid2,044_stopit.png
humanoid2,045_smirk.png
humanoid2,046_rockon.png
humanoid2,047_happyexcited.png
humanoid2,048_zipped.png
hyderabad,001_hyd_abbaa.png
hyderabad,002_hyd_elaunnav.png
hyderabad,003_hyd_mama.png
hyderabad,004_hyd_aiyo.png
hyderabad,005_hyd_kirak.png
hyderabad,006_hyd_hauwla.png
hyderabad,007_hyd_pandagachesko.png
hyderabad,008_hyd_deaavudaa.png
hyderabad,009_hyd_ehbiscuittt.png
hyderabad,010_hyd_kaiku.png
hyderabad,011_hyd_bangaram.png
hyderabad,012_hyd_jaffa.png
hyderabad,013_hyd_neemokham.png
hyderabad,014_hyd_neebondha.png
hyderabad,015_hyd_heymalliessadu.png
hyderabad,016_hyd_maakikirkiri.png
hyderabad,017_hyd_vedhava.png
hyderabad,018_hyd_holdeee.png
hyderabad,019_hyd_abacha.png
hyderabad,020_hyd_dobbai.png
hyderabad,021_hyd_chillar.png
hyderabad,022_hyd_kyakarre.png
hyderabad,023_hyd_denammajevitham.png
hyderabad,024_hyd_karmarababu.png
hyderabad,025_hyd_nuvthoopehe.png
hyderabad,026_hyd_rahadaari.png
hyderabad,027_hyd_hnymama.png
hyderabad2,001_hyd_abbaa.png
hyderabad2,002_hyd_elaunnav.png
hyderabad2,003_hyd_mama.png
hyderabad2,004_hyd_aiyo.png
hyderabad2,005_hyd_kirak.png
hyderabad2,006_hyd_hauwla.png
hyderabad2,007_hyd_pandagachesko.png
hyderabad2,008_hyd_deaavudaa.png
hyderabad2,009_hyd_ehbiscuittt.png
hyderabad2,010_hyd_kaiku.png
hyderabad2,011_hyd_bangaram.png
hyderabad2,012_hyd_jaffa.png
hyderabad2,013_hyd_neemokham.png
hyderabad2,014_hyd_neebondha.png
hyderabad2,015_hyd_heymalliessadu.png
hyderabad2,016_hyd_maakikirkiri.png
hyderabad2,017_hyd_vedhava.png
hyderabad2,018_hyd_holdeee.png
hyderabad2,019_hyd_abacha.png
hyderabad2,020_hyd_dobbai.png
hyderabad2,021_hyd_chillar.png
hyderabad2,022_hyd_kyakarre.png
hyderabad2,023_hyd_denammajevitham.png
hyderabad2,024_hyd_karmarababu.png
hyderabad2,025_hyd_nuvthoopehe.png
hyderabad2,026_hyd_rahadaari.png
hyderabadboys,001_hyb_kyamiyaan.png
hyderabadboys,002_hyb_baigan.png
hyderabadboys,003_hyb_halluhallu.png
hyderabadboys,004_hyb_badebhai.png
hyderabadboys,005_hyb_hau.png
hyderabadboys,006_hyb_kaiku.png
hyderabadboys,007_hyb_nakko.png
hyderabadboys,008_hyb_posaannakko.png
hyderabadboys,009_hyb_khariyattbhai.png
hyderabadboys,010_hyb_khayalrakhna.png
hyderabadboys,011_hyb_sharmindanakko.png
hyderabadboys,012_hyb_meresaatich.png
hyderabadboys,013_hyb_potta.png
hyderabadboys,014_hyb_potti.png
hyderabadboys,015_hyb_utthja.png
hyderabadboys,016_hyb_shabhakhair.png
hyderabadboys,017_hyb_pindekimeri.png
hyderabadboys,018_hyb_ekkaankeneeche.png
hyderabadboys,019_hyb_yedasamjha.png
hyderabadboys,020_hyb_naakmaindum.png
indian,001_angry.png
indian,002_balle.png
indian,003_cheers.png
indian,004_yoyo.png
indian,005_confused.png
indian,006_oye.png
indian,007_pakaamat.png
indian,008_abeysaale.png
indian,009_ghanta.png
indian,010_chamaat.png
indian,011_Lelee.png
indian,012_Item.png
indian,013_Maakasam.png
indian,014_Chalhatt.png
indian,015_Bakwaas.png
indian,016_Kanjoos.png
indian,017_Badhaiho.png
indian,018_Modi.png
indian,019_Rahul.png
indian,020_Kejriwal.png
indian,021_Jagore.png
indian,022_chu.png
indian,023_killer.png
indian,024_dhakkan.png
indian,025_phattgayi.png
indian,026_vella.png
indian,027_jugaad.png
indian,028_byebye.png
indian,029_thullu.png
indian,030_gaandu.png
indian,031_kaminey.png
indian,032_chillmaar.png
indian,033_hawww.png
indian,034_nahin.png
indian,035_machaa.png
indian,036_haanpakka.png
indian,037_dosti.png
indian,038_bas.png
indian,039_toh.png
indian,040_waah.png
indian,041_turehnede.png
indian,042_sahihai.png
indian,043_kuchbhi.png
indian,044_hasnatha.png
indian,045_nachukya.png
indian,046_gadhe.png
indian,047_saale.png
indian,048_kutte.png
indian,049_oye.png
indian,050_faltu.png
indian,051_pagal.png
indian,052_khikhi.png
indian,053_aiyo.png
indian,054_bc.png
indian,055_boo.png
indian,056_mainekyakia.png
indian,057_mazaaagaya.png
indian,058_dimagmatchaat.png
indian,059_tutohgaya.png
indian,060_bored.png
indian,061_chup.png
indian,062_nikalyahanse.png
indian,063_boss.png
indian,064_shubhdiwali.png
indian,065_pataka.png
indian,066_diya.png
indian,067_dekhpagli.png
indian,068_dekhbhai.png
indian,069_aiyo.png
indian,070_modi.png
indian,071_hnybabetis.png
indian,072_hnyyaartis.png
indian,073_hny2015tis.png
indian,074_jaadujhappi.png
indian,075_americadost.png
indian,076_indpak.png
indian,077_shuprabhat.png
indian,078_shubhraatri.png
indian,079_mauka.png
indian,080_holihai.png
indian,081_mehngai.png
indian,082_paisapaisa.png
indian,083_petrolprices.png
indian,084_girlpower.png
ipl,001_ipl_kobolorbojeet.png
ipl,002_ipl_oneteamone.png
ipl,003_ipl_yosuf.png
ipl,004_ipl_mysteryspinner.png
ipl,005_ipl_cskda.png
ipl,006_ipl_whistlepodu.png
ipl,007_ipl_ashwin.png
ipl,008_ipl_raina.png
ipl,009_ipl_duniyahiladen.png
ipl,010_ipl_comeonmum.png
ipl,011_ipl_turbanator.png
ipl,012_ipl_malinga.png
ipl,013_ipl_ekvillan.png
ipl,014_ipl_abd.png
ipl,015_ipl_jeetengehum.png
ipl,016_ipl_rrrrcccbb.png
ipl,017_ipl_hallaboll.png
ipl,018_ipl_royal.png
ipl,019_ipl_shanewatson.png
ipl,020_ipl_stevesmith.png
ipl,021_ipl_borntowin.png
ipl,022_ipl_kxip.png
ipl,023_ipl_gleninder.png
ipl,024_ipl_killermiller.png
ipl,025_ipl_dillidemunde.png
ipl,026_ipl_century.png
ipl,027_ipl_khelofrontfootpe.png
ipl,028_ipl_deathspecialist.png
ipl,029_ipl_unstopabble.png
ipl,030_ipl_comeonsrh.png
ipl,031_ipl_deadlysteyn.png
ipl,032_ipl_pocketdy.png
ipl,033_ipl_dreamteam.png
ipl,034_ipl_wewillwin.png
ipl,035_ipl_jeetegabhai.png
ipl,036_ipl_yehcuphuma.png
jelly,001_hi.png
jelly,002_bye.png
jelly,003_yes.png
jelly,004_no.png
jelly,005_missyou.png
jelly,006_kiss.png
jelly,007_love.png
jelly,008_surprised.png
jelly,009_tongueout.png
jelly,010_thanks.png
jelly,011_sorry.png
jelly,012_angry.png
jelly,013_crying.png
jelly,014_questionmark.png
kangri,001_kan_hobhau.png
kangri,002_kan_kadheyhan.png
kangri,003_kan_phyaagahoiho.png
kangri,004_kan_saieya.png
kangri,005_kan_khajjal.png
kangri,006_kan_kyahoya.png
kangri,007_kan_mainkhara.png
kangri,008_kan_shabashe.png
kangri,009_kan_baadihasiaandi.png
kangri,010_kan_kuttkhani.png
kangri,011_kan_kyakarade.png
kangri,012_kan_tangmatkara.png
kangri,013_kan_busara.png
kangri,014_kan_dafahojaitan.png
kangri,015_kan_niara.png
kangri,016_kan_rukiyan.png
kangri,017_kan_maikasamkhanda.png
kangri,018_kan_kalu.png
kangri,019_kan_kuthuhai.png
kangri,020_kan_khramildephiri.png
kangrilove,001_knl_teijopyarkarda.png
kangrilove,002_knl_minjochumile.png
kangrilove,003_knl_merizindagi.png
kangrilove,004_knl_tubadichhailae.png
kangrilove,005_knl_tumerakaalja.png
kangrilove,006_knl_tumeriae.png
kangrilove,007_knl_meramunnu.png
kangrilove,008_knl_meriejaan.png
kangrilove,009_knl_minjoteriyaad.png
kangrilove,010_knl_terizarurat.png
kangrilove,011_knl_janmataikrsoggi.png
kangrilove,012_knl_tijjotaanyapagal.png
kangrilove,013_knl_tijjotanyeinjaan.png
kangrilove,014_knl_maintiijobaji.png
kannadacinema,001_kac_enthadabolimakla.png
kannadacinema,002_kac_munda.png
kannadacinema,003_kac_beauty.png
kannadacinema,004_kac_yakbulbulbul.png
kannadacinema,005_kac_heygaandu.png
kannadacinema,006_kac_bariolu.png
kannadacinema,007_kac_shootmadbeka.png
kannadacinema,008_kac_kilakilaaa.png
kannadacinema,009_kac_idntlikeit.png
kannadacinema,010_kac_banagbek.png
kannadacinema,011_kac_namaskarakananna.png
kannadacinema,012_kac_heluvudakku.png
kannadalove,001_kal_cheluveye.png
kannadalove,002_kal_sarasake.png
kannadalove,003_kal_ohnanna.png
kannadalove,004_kal_yeshtumuddagide.png
kannadalove,005_kal_subblakshmi.png
kannadalove,006_kal_naguva.png
kannadalove,007_kal_neeello.png
kannadalove,008_kal_priye.png
kannadalove,009_kal_naaaninna.png
kannadalove,010_kal_ninnagaliralaare.png
kannadalove,011_kal_nannanambu.png
kannadalove,012_kal_neenillade.png
kannadalove,013_kal_neesanihake.png
kannadalove,014_kal_neenanna.png
kannadalove,015_kal_jeevanadha.png
kannadalove,016_kal_elliruve.png
kannadalove,017_kal_belagingala.png
kannadalove,018_kal_preetiyalli.png
kannadalove,019_kal_neenannavnu.png
kannadalove,020_kal_hrudhayadhodeya.png
kashmir,001_kash_khudayashawal.png
kashmir,002_kash_salaam.png
kashmir,003_kash_karbardaasht.png
kashmir,004_kash_katichukh.png
kashmir,005_kash_mafeedue.png
kashmir,006_kash_maidenalmout.png
kashmir,007_kash_mehrbani.png
kashmir,008_kash_lajyimouj.png
kashmir,009_kash_bakwaskarband.png
kashmir,010_kash_wareh.png
kashmir,011_kash_tooswothum.png
kashmir,012_kash_tulthaph.png
kashmir,013_kash_gassdaffa.png
kashmir,014_kash_chechukmood.png
kashmir,015_kash_chuar.png
kashmir,016_kash_mahanntangg.png
kashmir,017_kash_payamesubeh.png
kashmir,018_kash_bishungai.png
kashmir,019_kash_waraichukha.png
kashmir,020_kash_yehaichukjinahuv.png
kashmir,021_kash_adde.png
kashmir,022_kash_akhmint.png
kashmir,023_kash_azzab.png
kashmir,024_kash_bealaggaw.png
kashmir,025_kash_beharam.png
kashmir,026_kash_dabaw.png
kashmir,027_kash_hae.png
kashmir,028_kash_keathkeat.png
kashmir,029_kash_kehnte.png
kashmir,030_kash_kemes.png
kashmir,031_kash_kr.png
kashmir,032_kash_krchoup.png
kashmir,033_kash_kyasa.png
kashmir,034_kash_thawanne.png
kashmir,035_kash_theekchu.png
kashmirlove,001_kal_pethmaran.png
kashmirlove,002_kal_seetbeintihaa.png
kashmirlove,003_kal_tallaenaalmutakh.png
kashmirlove,004_kal_meachechoone.png
kashmirlove,005_kal_janay.png
kashmirlove,006_kal_zuwa.png
kashmirlove,007_kal_chkhmeani.png
kashmirlove,008_kal_hymeuthem.png
kashmirlove,009_kal_trawathnezah.png
kashmirlove,010_kal_chooneaamut.png
kashmirlove,011_kal_bechuschanes.png
kerala,001_kl_eda.png
kerala,002_kl_ennathaparipadi.png
kerala,003_kl_sukhamano.png
kerala,004_kl_deyvame.png
kerala,005_kl_macha.png
kerala,006_kl_aiyo.png
kerala,007_kl_adipoli.png
kerala,008_kl_adichu.png
kerala,009_kl_vattale.png
kerala,010_kl_ayyada.png
kerala,011_kl_ayikotte.png
kerala,012_kl_koppe.png
kerala,013_kl_ariyilla.png
kerala,014_kl_chette.png
kerala,015_kl_kazhuthe.png
kerala,016_kl_thendi.png
kerala,017_kl_daphaya.png
kerala,018_kl_entho.png
kerala,019_kl_chumma.png
kerala,020_kl_onnunirthuooo.png
kerala,021_kl_chammipoyi.png
kerala,022_kl_enikishtalla.png
kerala,023_kl_chadach.png
kerala,024_kl_enikuvayya.png
kerala,025_kl_vishamikanda.png
kerala,026_kl_sasi.png
kerala,027_kl_shubhadinam.png
kerala,028_kl_subharathri.png
kerala,029_kl_namaskaram.png
kerala,030_kl_nanni.png
kerala,031_kl_endhngilum.png
kerala,032_kl_athe.png
kerala,033_kl_niendhcheyyua.png
kerala,034_kl_nievidaya.png
kerala,035_kl_sugamtanne.png
kerala,036_kl_pote.png
kerala,037_kl_eppo.png
kerala,038_kl_illa.png
kerala,039_kl_engane.png
kerala,040_kl_adangmone.png
kerala,041_kl_avidanilk.png
kerala,042_kl_maap.png
kerala,043_kl_satyamayitum.png
kerala,044_kl_irangipo.png
kerala,045_kl_mindandnikk.png
kerala,046_kl_mathi.png
kerala,047_kl_eientekayyil.png
kerala,048_kl_athinu.png
kerala,049_kl_niorupothtanne.png
kerala,050_kl_pedutharuth.png
kerala,051_kl_nintekaryam.png
kerala,052_kl_pinnekanam.png
kerala2,001_kl_eda.png
kerala2,002_kl_ennathaparipadi.png
kerala2,003_kl_sukhamano.png
kerala2,004_kl_deyvame.png
kerala2,005_kl_macha.png
kerala2,006_kl_aiyo.png
kerala2,007_kl_adipoli.png
kerala2,008_kl_adichu.png
kerala2,009_kl_vattale.png
kerala2,010_kl_ayyada.png
kerala2,011_kl_ayikotte.png
kerala2,012_kl_koppe.png
kerala2,013_kl_ariyilla.png
kerala2,014_kl_chette.png
kerala2,015_kl_kazhuthe.png
kerala2,016_kl_thendi.png
kerala2,017_kl_daphaya.png
kerala2,018_kl_entho.png
kerala2,019_kl_chumma.png
kerala2,020_kl_onnunirthuooo.png
kerala2,021_kl_chammipoyi.png
kerala2,022_kl_enikishtalla.png
kerala2,023_kl_chadach.png
kerala2,024_kl_enikuvayya.png
kerala2,025_kl_vishamikanda.png
kerala2,026_kl_sasi.png
khasi,001_khas_lehaiu.png
khasi,002_khas_kumnophilong.png
khasi,003_khas_ngabianghi.png
khasi,004_khas_phidanglehaiu.png
khasi,005_khas_apmo.png
khasi,006_khas_shyrkhei.png
khasi,007_khas_thiahsuk.png
khasi,008_khas_balei.png
khasi,009_khas_kumno.png
khasi,010_khas_khublei.png
khasi,011_khas_bamsmaimei.png
khasi,012_khas_map.png
khasi,013_khas_goi.png
khasi,014_khas_hooid.png
khasi,015_khas_em.png
khasi,016_khas_dep.png
khasi,017_khas_khiephetshatei.png
khasi,018_khas_watpundom.png
khasi,019_khas_kletnohphi.png
khasi,020_khas_kwahshahshoh.png
khasi,021_khas_labiang.png
khasi,022_khas_labiej.png
khasi,023_khas_watpyndik.png
khasi,024_khas_philahiap.png
khasi,025_khas_sngap.png
khasi,026_khas_te.png
khasi,027_khas_kynduhpat.png
khasi,028_khas_mano.png
khasi,029_khas_mynno.png
khasi,030_khas_phidonshano.png
kitty,001_awww.png
kitty,002_talktohand.png
kitty,003_wink.png
kitty,004_hugs.png
kitty,005_woohoo.png
kitty,006_sshh.png
kitty,007_pheww.png
kitty,008_crying.png
kitty,009_bff.png
kitty,010_shopping.png
kitty,011_blushing.png
kitty,012_yuck.png
kitty,013_snooze.png
kitty,014_music.png
kitty,015_salon.png
kitty,016_lipstick.png
kitty,017_mirror.png
kolkata,001_ko_aebhai.png
kolkata,002_ko_kikorchis.png
kolkata,003_ko_kibolisre.png
kolkata,004_ko_kikhobor.png
kolkata,005_ko_khillikorchi.png
kolkata,006_ko_mojakor.png
kolkata,007_ko_kijaata.png
kolkata,008_ko_jhinku.png
kolkata,009_ko_dekhbirjolbi.png
kolkata,010_ko_kidilibhai.png
kolkata,011_ko_ghyam.png
kolkata,012_ko_paglu.png
kolkata,013_ko_marboekhane.png
kolkata,014_ko_isshhh.png
kolkata,015_ko_kelabodhore.png
kolkata,016_ko_tokedeyke.png
kolkata,017_ko_gaarmereche.png
kolkata,018_ko_shala.png
kolkata,019_ko_chusbi.png
kolkata,020_ko_thakboss.png
kolkata,021_ko_chepeja.png
kolkata,022_ko_chaapnisna.png
kolkata,023_ko_chorom.png
kolkata,024_ko_apnithakchensir.png
kolkata,025_ko_baal.png
kolkata,026_ko_suprobhat.png
kolkata,027_ko_subhoratri.png
kolkata,028_ko_darun.png
kolkata,029_ko_kire.png
kolkata,030_ko_kemonacho.png
kolkata,031_ko_chapnisna.png
kolkata,032_ko_bindass.png
kolkata,033_ko_bhaloachi.png
kolkata,034_ko_nomoskar.png
kolkata,035_ko_dhonnobaad.png
kolkata,036_ko_haan.png
kolkata,037_ko_na.png
kolkata,038_ko_jaiccha.png
kolkata,039_ko_hobena.png
kolkata,040_ko_thikache.png
kolkata,041_ko_ke.png
kolkata,042_ko_kikore.png
kolkata,043_ko_lehalua.png
kolkata,044_ko_kokhon.png
kolkata,045_ko_toh.png
kolkata,046_ko_kiholo.png
kolkata,047_ko_thak.png
kolkata,048_ko_chupkor.png
kolkata,049_ko_cholejao.png
kolkata,050_ko_jalatonkoro.png
kolkata,051_ko_kintutomake.png
kolkata,052_ko_tomakemarbo.png
kolkata,053_ko_ghotihaara.png
kolkata,054_ko_tomakechormarbo.png
kolkata,055_ko_onekholo.png
kolkata,056_ko_tumikiboka.png
kolkata,057_ko_aebaba.png
kolkata,058_ko_bhulejao.png
kolkata,059_ko_khomakoro.png
kolkata,060_ko_dara.png
kolkata,061_ko_kothayejabi.png
kolkata,062_ko_oramonehoye.png
kolkata,063_ko_maerdibbi.png
kolkata,064_ko_tata.png
kolkata2,001_ko_aebhai.png
kolkata2,002_ko_kikorchis.png
kolkata2,003_ko_kibolisre.png
kolkata2,004_ko_kikhobor.png
kolkata2,005_ko_khillikorchi.png
kolkata2,006_ko_mojakor.png
kolkata2,007_ko_kijaata.png
kolkata2,008_ko_jhinku.png
kolkata2,009_ko_dekhbirjolbi.png
kolkata2,010_ko_kidilibhai.png
kolkata2,011_ko_ghyam.png
kolkata2,012_ko_paglu.png
kolkata2,013_ko_marboekhane.png
kolkata2,014_ko_isshhh.png
kolkata2,015_ko_kelabodhore.png
kolkata2,016_ko_tokedeyke.png
kolkata2,017_ko_gaarmereche.png
kolkata2,018_ko_shala.png
kolkata2,019_ko_chusbi.png
kolkata2,020_ko_thakboss.png
kolkata2,021_ko_chepeja.png
kolkata2,022_ko_chaapnisna.png
kolkata2,023_ko_chorom.png
kolkata2,024_ko_apnithakchensir.png
kolkata2,025_ko_baal.png
kollywood,001_yennarascalako.png
kollywood,002_karthiennako.png
kollywood,003_suryaongiko.png
kollywood,004_parottasooriko.png
kollywood,005_vikrammerselaasitenko.png
kollywood,006_vishalnaanumko.png
kollywood,007_santhanamennako.png
kollywood,008_senthiltensionko.png
kollywood,009_simbuenakuko.png
kollywood,010_vivekaruthuko.png
kollywood2,001_yennarascalako.png
kollywood2,002_karthiennako.png
kollywood2,003_suryaongiko.png
kollywood2,004_parottasooriko.png
kollywood2,005_vikrammerselaasitenko.png
kollywood2,006_vishalnaanumko.png
kollywood2,007_santhanamennako.png
kollywood2,008_senthiltensionko.png
kollywood2,009_simbuenakuko.png
kollywood2,010_vivekaruthuko.png
love,001_Carrying.png
love,002_Lovehug.png
love,003_Kisscheek.png
love,004_Missing.png
love,005_Park.png
love,006_Dinner.png
love,007_Beach.png
love,008_Kisshand.png
love,009_Dance.png
love,010_Flykiss.png
love,011_Roses.png
love,012_Smooch.png
love,013_Cheek.png
love,014_Kissme.png
love,015_Forehead.png
love,016_Hugs.png
love,017_Lovesign.png
love,018_Selfie.png
love,019_Laughing.png
love,020_Titanic.png
love,021_Stars.png
love,022_muahhhh.png
love,023_baby.png
love,024_sweetheart.png
love,025_heybeautiful.png
love,026_goodnightbaby.png
love,027_missyou.png
love,028_missyoutoo.png
love,029_loveyou.png
love,030_loveyoutoo.png
love,031_loveyouinfinite.png
love,032_femalehugging.png
love,033_malethinkingofyou.png
love,034_femalethinkingofyou.png
love,035_youmakemehappy.png
love,036_hugme.png
love,037_fatlips.png
love,038_teamo.png
love,039_sexy.png
love,040_cuddlingbed.png
love,041_winterlove.png
love,042_loverboy.png
love,043_malefemalefighting.png
love,044_heartbreak.png
love,045_nottalkingtoyou.png
love,046_makingmesmile.png
love,047_patchheart.png
love,048_happyanniversary.png
lovequotes,001_lq_lovelife.png
lovequotes,002_lq_myhero.png
lovequotes,003_lq_neverletgo.png
lovequotes,004_lq_loveisneed.png
lovequotes,005_lq_thereforyou.png
lovequotes,006_lq_besthingme.png
lovequotes,007_lq_ucompleteme.png
lovequotes,008_lq_beingapart.png
lovequotes,009_lq_urperfect.png
lovequotes,010_lq_staywithme.png
malaycinema,001_ml_tomaskutty.png
malaycinema,002_ml_kianodashaaji.png
malaycinema,003_ml_paapulleshit.png
malaycinema,004_ml_chanduvine.png
malaycinema,005_ml_vygittenda.png
malaycinema,006_ml_siree.png
malaycinema,007_ml_pavanayi.png
malaycinema,008_ml_randuradhass.png
malaycinema,009_ml_mandipenne.png
malaycinema,010_ml_nithankapan.png
malaycinema,011_ml_endeammee.png
malaycinema,012_ml_kakaathurrii.png
malaylove,001_kll_enikorupad.png
malaylove,002_kll_chakkare.png
malaylove,003_kll_enteelle.png
malaylove,004_kll_oruhugtha.png
malaylove,005_kll_orummatha.png
malaylove,006_kll_muthe.png
malaylove,007_kll_vave.png
malaylove,008_kll_njanille.png
malaylove,009_kll_monjathi.png
malaylove,010_kll_vellathe.png
malaylove,011_kll_mandipenne.png
malaylove,012_kll_aduthva.png
marathi,001_aaishapat.png
marathi,002_laibhaari.png
marathi,003_popatzala.png
marathi,004_tuchrebhava.png
marathi,005_chyaayla.png
marathi,006_aichyagavaat.png
marathi,007_gappbas.png
marathi,008_nanachitaang.png
marathi,009_gharija.png
marathi,010_aaredeva.png
marathi,011_tumchyasaathi.png
marathi,012_barrr.png
marathi,013_bawlat.png
marathi,014_thandghe.png
marathi,015_kharach.png
marathi,016_kaysangto.png
marathi,017_dokyawar.png
marathi,018_mandahes.png
marathi,019_nayahai.png
marathi,020_sanskar.png
marathi,021_vadyawar.png
marathi,022_murkha.png
marathi,023_hnymitramh.png
marathi,024_shubhsakaal.png
marathi,025_shubratra.png
marathi,026_jaimaharashtra.png
marathi,027_shivajibhavani.png
marathi,028_mar_namaskar.png
marathi,029_mar_kasakay.png
marathi,030_mar_tudagadahesdagad.png
marathi,031_mar_dokyachimandai.png
marathi,032_mar_mandaheastu.png
marathi,033_mar_tuja.png
marathi,034_mar_aaichagho.png
marathi,035_mar_ho.png
marathi,036_mar_nahi.png
marathi,037_mar_chalbye.png
marathi,038_mar_mimasttahe.png
marathi,039_mar_masttmajakar.png
marathi,040_mar_tukasahes.png
marathi,041_mar_tukaykartoy.png
marathi,042_mar_tukutheahe.png
marathi,043_mar_kon.png
marathi,044_mar_mag.png
marathi,045_mar_kaychalaymag.png
marathi,046_mar_kadhi.png
marathi,047_mar_kaipankay.png
marathi,048_mar_bassjhalha.png
marathi,049_mar_jaudenayaar.png
marathi,050_mar_malamaffkar.png
marathi,051_mar_nighithun.png
marathi,052_mar_shantbasha.png
marathi,053_mar_thambjara.png
marathi,054_mar_khatarnaak.png
marathi2,001_aaishapat.png
marathi2,002_laibhaari.png
marathi2,003_popatzala.png
marathi2,004_tuchrebhava.png
marathi2,005_chyaayla.png
marathi2,006_aichyagavaat.png
marathi2,007_gappbas.png
marathi2,008_nanachitaang.png
marathi2,009_gharija.png
marathi2,010_aaredeva.png
marathi2,011_tumchyasaathi.png
marathi2,012_barrr.png
marathi2,013_bawlat.png
marathi2,014_thandghe.png
marathi2,015_kharach.png
marathi2,016_kaysangto.png
marathi2,017_dokyawar.png
marathi2,018_mandahes.png
marathi2,019_nayahai.png
marathi2,020_sanskar.png
marathi2,021_vadyawar.png
marathi2,022_murkha.png
marathicinema,001_mc_tantanay.png
marathicinema,002_mc_terimeriyari.png
marathicinema,003_mc_bhotgeliduniyadari.png
marathicinema,004_mc_dammit.png
marathicinema,005_mc_galgalenighale.png
marathicinema,006_mc_hehehehe.png
marathicinema,007_mc_yeratalya.png
marathicinema,008_mc_chalahawayeudya.png
marathicinema,009_mc_aaplyashinadel.png
marathicinema,010_mc_ataradayche.png
marathicinema,011_mc_shivajiraje.png
marathicinema,012_mc_dhalalagli.png
marathilove,001_mhl_premaahe.png
marathilove,002_mhl_majhajeev.png
marathilove,003_mhl_tufaktmazhi.png
marathilove,004_mhl_mirani.png
marathilove,005_mhl_tujhyashivay.png
marathilove,006_mhl_jawalye.png
marathilove,007_mhl_majhahero.png
marathilove,008_mhl_mukhda.png
marathilove,009_mhl_kahipan.png
marathilove,010_mhl_tuzhiathavan.png
marathilove,011_mhl_vichar.png
marathilove,012_mhl_datevar.png
marathilove,013_mhl_juliet.png
marathilove,014_mhl_majhirani.png
marathilove,015_mhl_sakhya.png
marathilove,016_mhl_sundari.png
marathilove,017_mhl_majhipillu.png
marathilove,018_mhl_paglu.png
marathilove,019_mhl_pappidena.png
marathilove,020_mhl_priye.png
marathilove,021_mhl_maintujha.png
marathilove,022_mhl_handsome.png
marathilove,023_mhl_baghavase.png
marathilove,024_mhl_vedahe.png
memes,001_successkid.png
memes,002_toldyou.png
memes,003_lemur.png
memes,004_notsure.png
memes,005_tellingme.png
memes,006_killyourself.png
memes,007_nobodycares.png
memes,008_onedoesnot.png
memes,009_whatif.png
memes,010_brace.png
memes,011_doge.png
mumbai,001_mb_shaane.png
mumbai,002_mb_kidharhai.png
mumbai,003_mb_mast.png
mumbai,004_mb_sawaal.png
mumbai,005_mb_eknumber.png
mumbai,006_mb_boss.png
mumbai,007_mb_buskyayaar.png
mumbai,008_mb_hawaanede.png
mumbai,009_mb_chindichor.png
mumbai,010_mb_zandu.png
mumbai,011_mb_pakaamat.png
mumbai,012_mb_waat.png
mumbai,013_mb_apunhaina.png
mumbai,014_mb_chyamaila.png
mumbai,015_mb_jholkiyakya.png
mumbai,016_mb_alibaug.png
mumbai,017_mb_kharchapani.png
mumbai,018_mb_atrangi.png
mumbai,019_mb_yeda.png
mumbai,020_mb_chikna.png
mumbai,021_mb_hnyboss.png
mumbai,022_mb_chotey.png
mumbai,023_mb_badey.png
mumbai,024_mb_tensionahi.png
mumbai,025_mb_shendi.png
mumbai,026_mb_doonkya.png
mumbai,027_mb_fadooo.png
mumbai,028_mb_zyadauchhal.png
mumbai,029_mb_keeda.png
mumbai,030_mb_khopchemain.png
mumbai,031_mb_raagmatde.png
mumbai,032_mb_dimaagnas.png
mumbai,033_mb_boletoh.png
mumbai,034_mb_lochagaya.png
nicknames,001_nn_chashmish.png
nicknames,002_nn_golu.png
nicknames,003_nn_ganje.png
nicknames,004_nn_chotu.png
nicknames,005_nn_patlu.png
nicknames,006_nn_mote.png
nicknames,007_nn_lambu.png
nicknames,008_nn_pappu.png
nicknames,009_nn_gadhe.png
nicknames,010_nn_ghode.png
nicknames,011_nn_dhakkan.png
nicknames,012_nn_chunnu.png
nicknames,013_nn_sonu.png
nicknames,014_nn_pintu.png
odisha,001_or_suprabhat.png
odisha,002_or_subharaatri.png
odisha,003_or_kemti.png
odisha,004_or_illobopa.png
odisha,005_or_baya.png
odisha,006_or_chopa.png
odisha,007_or_moecha.png
odisha,008_or_rangabati.png
odisha,009_or_balaungatoka.png
odisha,010_or_badaloka.png
odisha,011_or_hauhela.png
odisha,012_or_patichup.png
odisha,013_or_chaatni.png
odisha,014_or_bhokua.png
odisha,015_or_kiyekahuchi.png
odisha,016_or_kauthi.png
planning,001_pl_kyascenehai.png
planning,002_pl_sobored.png
planning,003_pl_hahaha.png
planning,004_pl_kyuun.png
planning,005_pl_ohooooo.png
planning,006_pl_oooooo.png
planning,007_pl_arreyaar.png
planning,008_pl_kidharhai.png
planning,009_pl_kyakarraha.png
planning,010_pl_kyascene.png
planning,011_pl_chalmilte.png
planning,012_pl_milnakahan.png
planning,013_pl_kitnebaje.png
planning,014_pl_chillkartehai.png
planning,015_pl_chalo.png
planning,016_pl_kaunaaraha.png
planning,017_pl_main.png
planning,018_pl_ok.png
planning,019_pl_cool.png
planning,020_pl_imbusy.png
planning,021_pl_accha.png
planning,022_pl_notcoming.png
planning,023_pl_kyayaar.png
planning,024_pl_kyahogaya.png
planning,025_pl_kaamhai.png
planning,026_pl_kalpakka.png
planning,027_pl_kisiaurdin.png
planning,028_pl_aglehafte.png
planning,029_pl_pakka.png
planning,030_pl_nakhre.png
planning,031_pl_nautanki.png
planning,032_pl_kahinjanahai.png
planning,033_pl_sorryaar.png
planning,034_pl_aanapadega.png
planning,035_pl_jaldinikalna.png
planning,036_pl_kahansab.png
planning,037_pl_kabsewait.png
planning,038_pl_dominute.png
planning,039_pl_timelagega.png
planning,040_pl_baspohonch.png
planning,041_pl_latehojayega.png
planning,042_pl_imhere.png
politics,001_po_abkibaar.png
politics,002_po_aamaadmi.png
politics,003_po_bjp.png
politics,004_po_aap.png
politics,005_po_congress.png
politics,006_po_mamatimanush.png
politics,007_po_amma.png
politics,008_po_hurrburbak.png
politics,009_po_mimaratha.png
politics,010_po_manoos.png
politics,011_po_swachhbharat.png
politics,012_po_manmohan.png
politics,013_po_votecounts.png
punjab,001_pb_satsriakaal.png
punjab,002_pb_kihaalhai.png
punjab,003_pb_tussikikar.png
punjab,004_pb_veere.png
punjab,005_pb_kithe.png
punjab,006_pb_haanji.png
punjab,007_pb_naaji.png
punjab,008_pb_baes.png
punjab,009_pb_dhanwaad.png
punjab,010_pb_pataka.png
punjab,011_pb_kaint.png
punjab,012_pb_ullupathe.png
punjab,013_pb_teritaan.png
punjab,014_pb_chupoye.png
punjab,015_pb_daffaho.png
punjab,016_pb_faraknahi.png
punjab,017_pb_fittemou.png
punjab,018_pb_koinai.png
punjab,019_pb_thandrakh.png
punjab,020_pb_avai.png
punjab,021_pb_theekhoon.png
punjab,022_pb_kitta.png
punjab,023_pb_kihoya.png
punjab,024_pb_kive.png
punjablove,001_pbl_sohniye.png
punjablove,002_pbl_properpatola.png
punjablove,003_pbl_badekaintlagdeho.png
punjablove,004_pbl_merijaan.png
punjablove,005_pbl_pyaarkardihan.png
punjablove,006_pbl_merasweeto.png
punjablove,007_pbl_puchikaro.png
punjablove,008_pbl_meribuggi.png
punjablove,009_pbl_naejeena.png
punjablove,010_pbl_yaadaundihai.png
punjablove,011_pbl_ranjhameriheer.png
punjablove,012_pbl_heeriye.png
punjablove,013_pbl_billo.png
rageface,001_rf.png
rageface,002_rf.png
rageface,003_rf.png
rageface,004_rf.png
rageface,005_rf.png
rageface,006_rf.png
rageface,007_rf.png
rageface,008_rf.png
rageface,009_rf.png
rageface,010_rf.png
rageface,011_rf.png
rageface,012_rf.png
rageface,013_rf.png
rageface,014_rf.png
rageface,015_rf.png
rageface,016_rf.png
rageface,017_rf.png
rageface,018_rf.png
rageface,019_rf.png
rageface,020_rf.png
rageface,021_rf.png
rageface,022_rf.png
rageface,023_rf.png
rageface,024_rf.png
rageface,025_rf.png
rageface,026_rf.png
rageface,027_rf.png
rageface,028_rf.png
rageface,029_rf.png
rageface,030_rf.png
rageface,031_rf.png
rageface,032_rf.png
rageface,033_rf.png
rageface,034_rf.png
rageface,035_rf.png
rageface,036_rf.png
rageface,037_rf.png
rageface,038_rf.png
rageface,039_rf.png
rageface,040_rf.png
rageface,041_rf.png
rageface,042_rf.png
rageface,043_rf.png
rageface,044_rf.png
rageface,045_rf.png
rageface,046_rf.png
rageface,047_rf.png
rageface,048_rf.png
rageface,049_rf.png
rageface,050_rf.png
rageface,051_rf.png
rageface,052_rf.png
rageface,053_rf.png
rageface,054_rf.png
rageface,055_rf.png
rageface,056_rf.png
rageface,057_rf.png
rageface,058_rf.png
rajasthan,001_ramramsarj.png
rajasthan,002_khammaghanirj.png
rajasthan,003_phutrohairj.png
rajasthan,004_chokhocherj.png
rajasthan,005_mazoaagiyorj.png
rajasthan,006_tuchokhnirj.png
rajasthan,007_mhaarohiwdorj.png
rajasthan,008_ladesarrj.png
rajasthan,009_katheherj.png
rajasthan,010_kaykarosarj.png
rajasthan,011_gellibaatkarerj.png
rajasthan,012_kaybaatkarohorj.png
rajasthan,013_ghanorj.png
rajasthan,014_kyomathokhaverj.png
rajasthan,015_mathomatikhaarj.png
rajasthan,016_bhagatthesurj.png
rajasthan,017_kaisa.png
rajasthan,018_thekikar.png
rajasthan,019_thikthak.png
rajasthan,020_manemaafkarje.png
rajasthan,021_ho.png
rajasthan,022_koni.png
rajasthan,023_tohpache.png
rajasthan,024_dhabja.png
rajasthan,025_dhinman.png
rajasthan,026_gailo.png
rajasthan,027_kibhi.png
rajasthan,028_baakomatfad.png
rajasthan,029_ghaalne.png
rajasthan,030_kade.png
rajasthan,031_kun.png
rajasthan2,001_ramramsarj.png
rajasthan2,002_khammaghanirj.png
rajasthan2,003_phutrohairj.png
rajasthan2,004_chokhocherj.png
rajasthan2,005_mazoaagiyorj.png
rajasthan2,006_tuchokhnirj.png
rajasthan2,007_mhaarohiwdorj.png
rajasthan2,008_ladesarrj.png
rajasthan2,009_katheherj.png
rajasthan2,010_kaykarosarj.png
rajasthan2,011_gellibaatkarerj.png
rajasthan2,012_kaybaatkarohorj.png
rajasthan2,013_ghanorj.png
rajasthan2,014_kyomathokhaverj.png
rajasthan2,015_mathomatikhaarj.png
rajasthan2,016_bhagatthesurj.png
rajasthanlove,001_rjl_bolosa.png
rajasthanlove,002_rjl_ladusa.png
rajasthanlove,003_rjl_phutrilage.png
rajasthanlove,004_rjl_chelchabili.png
rajasthanlove,005_rjl_jeevjadi.png
rajasthanlove,006_rjl_kesariyaa.png
rajasthanlove,007_rjl_mhaarichandani.png
rajasthanlove,008_rjl_janamjanam.png
rajasthanlove,009_rjl_mharekalja.png
rajasthanlove,010_rjl_thaarighani.png
rajasthanlove,011_rjl_mharojio.png
rajasthanlove,012_rjl_tharisau.png
rajni,001_rk_enaku.png
rajni,002_rk_eppudi.png
rajni,003_rk_counting.png
rajni,004_rk_thundu.png
rajni,005_rk_kettapayan.png
rajni,006_rk_naanoru.png
rajni,007_rk_perakettale.png
rajni,008_rk_cusoon.png
rajni,009_rk_podaaanda.png
rajni,010_rk_seeviduven.png
rajni,011_rk_khatam.png
rajni,012_rk_kooti.png
rajni,013_rk_blacksheep.png
rajni,014_rk_cool.png
rajni,015_rk_konjam.png
rajni,016_rk_singam.png
roadies,001_ro_tuhaikaun.png
roadies,002_ro_teriaukaad.png
roadies,003_ro_tutohgaya.png
roadies,004_ro_baapkomatsikha.png
roadies,005_ro_fadddungateri.png
roadies,006_ro_terabaap.png
roadies,007_ro_darrgayakya.png
roadies,008_ro_choodiyapehni.png
roadies,009_ro_ladkiyowaliharkat.png
roadies,010_ro_mardbanmard.png
roadies,011_ro_ekaurtwist.png
roadies,012_ro_apneaapko.png
roadies,013_ro_tustudhaikya.png
roadies,014_ro_rideforespect.png
roadies,015_ro_everythingnothing.png
roadies,016_ro_bohotpoliticshai.png
seemandhra,001_smd_pikutunnav.png
seemandhra,002_smd_thammudu.png
seemandhra,003_smd_reychinna.png
seemandhra,004_smd_oridevudoo.png
seemandhra,005_smd_maree.png
seemandhra,006_smd_keka.png
seemandhra,007_smd_bagunanu.png
seemandhra,008_smd_vaadhamulu.png
seemandhra,009_smd_litetheesko.png
seemandhra,010_smd_dhuulaterindha.png
seemandhra,011_smd_chevilopuuva.png
seemandhra,012_smd_ayindi.png
seemandhra,013_smd_poyipaduko.png
seemandhra,014_smd_tellarindha.png
seemandhra,015_smd_burratinaka.png
seemandhra,016_smd_dhinamma.png
seemandhra,017_smd_naavallakadhu.png
seemandhra,018_smd_neactingaapu.png
seemandhra,019_smd_aaparanesodhi.png
seemandhra,020_smd_ekkadasachav.png
shaqwtf,001_shaq_kyakar.png
shaqwtf,002_shaq_latereply.png
shaqwtf,003_shaq_sachbolo.png
shaqwtf,004_shaq_merikasam.png
shaqwtf,005_shaq_kahanthe.png
shaqwtf,006_shaq_kiskesaath.png
shaqwtf,007_shaq_patahai.png
shaqwtf,008_shaq_phonebusy.png
shaqwtf,009_shaq_baatkar.png
shaqwtf,010_shaq_boltekyunnahin.png
shaqwtf,011_shaq_ignoringme.png
shaqwtf,012_shaq_baatkarlo.png
shop,001_ka_machaa.png
shop,002_ka_yensamachara.png
shop,003_ka_yenomadtidiya.png
shop,004_ka_sakkathmaga.png
shop,005_ka_enjoymaadi.png
shop,006_ka_aiyodevare.png
shop,007_ka_thalethinnbeda.png
shop,008_ka_hogoley.png
shop,009_ka_sceneilla.png
shop,010_ka_nijana.png
shop,011_ka_naaaan.png
shop,012_ka_nanuninnanupritisuttene.png
shop,013_ka_hellumaga.png
shop,014_ka_ganchali.png
shop,015_ka_barisullu.png
shop,016_ka_handi.png
shop,017_ka_hogsai.png
shop,018_ka_yelliidiya.png
shop,019_ka_baro.png
shop,020_ka_aiyhu.png
shop,021_ka_samadhana.png
smileyexpressions,001_laughingtongue.png
smileyexpressions,002_crying.png
smileyexpressions,003_shocked.png
smileyexpressions,004_blushinginlove.png
smileyexpressions,005_teasing.png
smileyexpressions,006_depressed.png
smileyexpressions,007_superhappy.png
smileyexpressions,008_superangry.png
smileyexpressions,009_tearsineye.png
smileyexpressions,010_devil.png
smileyexpressions,011_kissing.png
smileyexpressions,012_drunk.png
smileyexpressions,013_flyingkiss.png
smileyexpressions,014_blushing.png
smileyexpressions,015_rofl.png
smileyexpressions,016_teasing2.png
smileyexpressions,017_lalala.png
smileyexpressions,018_facepalm.png
smileyexpressions,019_grinning.png
smileyexpressions,020_partysmug.png
smileyexpressions,021_yawn.png
smileyexpressions,022_sleeping.png
smileyexpressions,023_angry.png
smileyexpressions,024_hungry.png
smileyexpressions,025_movie.png
smileyexpressions,026_sick.png
sports,001_virat_india.png
sports,002_fourrr.png
sports,003_six.png
sports,004_raining_6s.png
sports,005_bowled.png
sports,006_oh_nooo.png
sports,007_goal.png
sports,008_messi.png
sports,009_cr7.png
sports,010_foul.png
sports,011_penalty.png
sports,012_redcard.png
sports,013_save.png
sports,014_goal2.png
sports,015_brazil.png
sports,016_spain.png
sports,017_germany.png
sports,018_Argentina.png
sports,019_fifacup.png
sports,020_neymar.png
sports,021_belgium.png
sports,022_netherlands.png
sports,023_comeonindia.png
sports,024_howzaat.png
sports,025_whtacatch.png
sports,026_out.png
sports,027_chelsea.png
sports,028_barca.png
sports,029_manu.png
sports,030_arsenal.png
sports,031_liverpool.png
sports,032_realmadrid.png
sports,033_manc.png
sports,034_juventus.png
sports,035_bayern.png
sports,036_fuckyeah.png
sports,037_loser.png
tamilove,001_tnl_kattiko.png
tamilove,002_tnl_enpattukutti.png
tamilove,003_tnl_enazhagu.png
tamilove,004_tnl_vekkama.png
tamilove,005_tnl_girlrestguyta.png
tamilove,006_tnl_ennapudichi.png
tamilove,007_tnl_kayilmidhakum.png
tamilove,008_tnl_kisskududa.png
tamilove,009_tnl_naanunnai.png
tamilove,010_tnl_solludipondati.png
tamilove,011_tnl_thookanum.png
tamilove,012_tnl_proposetamil.png
tamilove,013_tnl_pinnuramama.png
tamilove,014_tnl_beachtamil.png
teamindia,001_ind_bhaijitega.png
teamindia,002_ind_indiaindia.png
teamindia,003_ind_jeetegaindia.png
teamindia,004_ind_goindiago.png
teamindia,005_ind_chakdeindia.png
teamindia,006_ind_bleedblue.png
teamindia,007_ind_indiadhamaal.png
teamindia,008_ind_jeetkeaa.png
teamindia,009_ind_wewillwin.png
teamindia,010_ind_comeonindia.png
teamindia,011_ind_captaincool.png
teamindia,012_ind_virat.png
teamindia,013_ind_firkiashwin.png
teamindia,014_ind_gabbar.png
teamindia,015_ind_furtilaraina.png
teamindia,016_ind_rohitman.png
teamindia,017_ind_sirjadeja.png
teamindia,018_ind_lambu.png
teamindia,019_ind_gutsyjinks.png
teamindia,020_ind_pacyadav.png
teamindia,021_ind_toebreaker.png
teamindia,022_ind_aggressiverayuda.png
teamindia,023_ind_axarpatel.png
teamindia,024_ind_bhuvi.png
teamindia,025_ind_binnyjunior.png
teamindia,026_ind_giveitback.png
teamindia,027_ind_champions.png
teamindia,028_ind_maukamauka.png
telangana,001_tlg_emsangathi.png
telangana,002_tlg_chestunau.png
telangana,003_tlg_ayyo.png
telangana,004_tlg_ammathodu.png
telangana,005_tlg_aithe.png
telangana,006_tlg_areyponi.png
telangana,007_tlg_dayacheshi.png
telangana,008_tlg_yaadmarshina.png
telangana,009_tlg_rightright.png
telangana,010_tlg_untamalla.png
telangana,011_tlg_poiosta.png
telangana,012_tlg_kevvu.png
telangana,013_tlg_masthundi.png
telangana,014_tlg_emaindra.png
telangana,015_tlg_entraa.png
telangana,016_tlg_epudu.png
telangana,017_tlg_etluunau.png
telangana,018_tlg_manchigunna.png
telangana,019_tlg_edaunau.png
telangana,020_tlg_evarki.png
telangana,021_tlg_evaru.png
telangana,022_tlg_jaraagu.png
telangana,023_tlg_mavvagussa.png
telangana,024_tlg_nakrala.png
telangana,025_tlg_normusko.png
telangana,026_tlg_abbeysaale.png
telangana,027_tlg_dobbeyi.png
telangana,028_tlg_gaanivara.png
telangana,029_tlg_gitlakharab.png
telangana,030_tlg_marchipo.png
telangana,031_tlg_pochamma.png
telangana,032_tlg_samputabidda.png
telangana,033_tlg_endivayni.png
tollywood,001_nadaarito.png
tollywood,002_oridheenieshaluto.png
tollywood,003_devudaato.png
tollywood,004_jaffato.png
tollywood,005_ahahahto.png
tollywood,006_darlingto.png
tollywood,007_ammathoduto.png
tollywood,008_dabidito.png
tollywood2,001_nadaarito.png
tollywood2,002_oridheenieshaluto.png
tollywood2,003_devudaato.png
tollywood2,004_jaffato.png
tollywood2,005_ahahahto.png
tollywood2,006_darlingto.png
tollywood2,007_ammathoduto.png
tollywood2,008_dabidito.png
tullu,001_tul_namaskara.png
tullu,002_tul_enchaulla.png
tullu,003_tul_yaanaarama.png
tullu,004_tul_enchinavishesha.png
tullu,005_tul_daadamalthondulla.png
tullu,006_tul_budla.png
tullu,007_tul_solumelu.png
tullu,008_tul_baimuchi.png
tullu,009_tul_shok.png
tullu,010_tul_super.png
tullu,011_tul_marathbudla.png
tullu,012_tul_poya.png
tullu,013_tul_wadappa.png
tullu,014_tul_orauntala.png
tullu,015_tul_petttinpa.png
tullu,016_tul_ninankerpe.png
tullu,017_tul_kaapu.png
tullu,018_tul_eeollo.png
tullu,019_tul_encha.png
tullu,020_tul_epa.png
tullu,021_tul_andh.png
tullu,022_tul_ijji.png
tullu,023_tul_bokka.png
tullu,024_tul_daadala.png
valentines,001_vd_loveu.png
valentines,002_vd_loveyou.png
valentines,003_vd_rose.png
valentines,004_vd_propose.png
valentines,005_vd_chocolate.png
valentines,006_vd_teddy.png
valentines,007_vd_promise.png
valentines,008_vd_hug.png
valentines,009_vd_kiss.png
valentines,010_vd_happyvday.png
valentines,011_vd_bemine.png
valentines,012_vd_myvalentine.png
weather,001_we_sunnynice.png
weather,002_we_summercoming.png
weather,003_we_lovesummers.png
weather,004_we_hatesummers.png
weather,005_we_itsraining.png
weather,006_we_loverains.png
weather,007_we_haterains.png
weather,008_we_rainrainaway.png
weather,009_we_storm.png
weather,010_we_winteriscoming.png
weather,011_we_lovewinters.png
weather,012_we_hatewinters.png
whatsupenglish,001_wue_nothingmuch.png
whatsupenglish,002_wue_chilling.png
whatsupenglish,003_wue_watchingtv.png
whatsupenglish,004_wue_goingout.png
whatsupenglish,005_wue_studying.png
whatsupenglish,006_wue_sleeping.png
whatsupenglish,007_wue_eating.png
whatsupenglish,008_wue_atwork.png
whatsupenglish,009_wue_driving.png
whatsupenglish,010_wue_listeningmusic.png
whatsupenglish,011_wue_inmarket.png
whatsupenglish,012_wue_saloon.png
worldxi,001_wxi_gaylestorm.png
worldxi,002_wxi_slingaamalinga.png
worldxi,003_wxi_afridiboom.png
worldxi,004_wxi_angryoungman.png
worldxi,005_wxi_maxii.png
worldxi,006_wxi_mrelegant.png
worldxi,007_wxi_donedusted.png
worldxi,008_wxi_pocketdynamite.png
worldxi,009_wxi_steyngun.png
worldxi,010_wxi_dilee.png
worldxi,011_wxi_madness.png
worldxi,012_wxi_bazz.png
worldxi,013_wxi_sangapanga.png
worldxi,014_wxi_sherebangla.png
worldxi,015_wxi_jamesanderson.png
worldxi,016_wxi_jamesfaulkner.png
